account_id,name,address,queue,status,changed_datetime
49999,James Miller,"47 Riverside Drive, Limerick",INSOLVENCY,INS4,2025-01-01 00:27:27
19372,Michael Johnson,"33 Maple Avenue, Belfast",LEGAL,LEG_NOT,2025-01-01 00:40:17
52137,David Brown,"158 Cedar Lane, Sligo",TRACE,GONEAWAY,2025-01-01 01:31:02
83620,David Wilson,"122 Pine Road, Waterford",TRACE,GONEAWAY,2025-01-01 02:28:39
49171,John Martinez,"172 Hillcrest Road, Dublin",OTHER,ARCHIVED,2025-01-01 03:48:21
10474,John Rodriguez,"95 Elm Street, Cork",COLLECTIONS,TELSOLUTIONS1,2025-01-01 08:37:12
60663,Maria Smith,"86 Hillcrest Road, Cork",SETTLED,SETTLED,2025-01-01 12:06:27
46545,David Davis,"101 Sunset Boulevard, Waterford",INSOLVENCY,INS2,2025-01-01 12:16:26
95324,Emma Brown,"136 Cedar Lane, Sligo",PAYING,PAY CURR,2025-01-01 14:17:41
48786,Sophia Martinez,"56 Hillcrest Road, Dublin",COLLECTIONS,TELSOLUTIONS1,2025-01-01 14:38:07
94638,David Wilson,"139 Cedar Lane, Cork",TRACE,GONEAWAY,2025-01-01 16:10:01
43314,Michael Miller,"13 Elm Street, Belfast",INSOLVENCY,INS1,2025-01-01 17:34:47
31658,Alex Wilson,"73 Riverside Drive, Cork",COLLECTIONS,CANCEL2,2025-01-01 17:54:45
98298,Sarah Williams,"118 Elm Street, Cork",PAYING,PAY PROP,2025-01-01 18:21:02
86556,Michael Brown,"113 Elm Street, Kilkenny",LEGAL,LEG_TIT,2025-01-01 19:14:56
15248,Maria Martinez,"86 Elm Street, Belfast",OTHER,ARCHIVED,2025-01-01 20:42:30
90725,David Williams,"35 Oak Street, Cork",TRACE,GONEAWAY,2025-01-01 21:41:14
14117,Sophia Jones,"44 Cedar Lane, Dublin",COLLECTIONS,PRIME,2025-01-02 00:58:26
47808,James Garcia,"200 Elm Street, Belfast",PAYING,PAY PROP,2025-01-02 03:25:41
50973,Emma Miller,"128 Maple Avenue, Galway",OTHER,ARCHIVED,2025-01-02 03:59:10
10506,David Jones,"106 Pine Road, Waterford",OTHER,ARCHIVED,2025-01-02 06:19:14
83652,Maria Brown,"121 Elm Street, Limerick",COLLECTIONS,PRIME,2025-01-02 12:40:52
31903,Alex Brown,"183 Cedar Lane, Waterford",TRACE,GONEAWAY,2025-01-02 18:09:01
63099,Alex Martinez,"170 Elm Street, Kilkenny",INSOLVENCY,INSP,2025-01-03 09:47:05
28442,Emma Rodriguez,"145 Elm Street, Dublin",COLLECTIONS,CASSIST2,2025-01-03 12:07:00
21707,Michael Rodriguez,"81 Pine Road, Dublin",INSOLVENCY,INS4,2025-01-04 01:26:02
82095,Sophia Johnson,"114 Riverside Drive, Galway",OTHER,ARCHIVED,2025-01-04 22:50:27
38899,Laura Smith,"119 Sunset Boulevard, Waterford",COLLECTIONS,PRIME,2025-01-05 19:51:25
74894,Emma Garcia,"190 Sunset Boulevard, Belfast",OTHER,ARCHIVED,2025-01-05 21:12:23
53016,Laura Johnson,"197 Oak Street, Belfast",TRACE,GONEAWAY,2025-01-06 02:20:58
91099,John Brown,"171 Elm Street, Belfast",COLLECTIONS,CANCEL4,2025-01-06 06:54:42
84455,Daniel Smith,"118 Maple Avenue, Galway",COLLECTIONS,TELSOLUTIONS1,2025-01-06 08:41:19
16628,Sarah Rodriguez,"164 Pine Road, Galway",SETTLED,SETTLED,2025-01-06 13:31:50
73556,Emma Rodriguez,"154 Oak Street, Belfast",COLLECTIONS,TELSOLUTIONS1,2025-01-06 15:24:18
53131,Emma Garcia,"41 Elm Street, Sligo",TRACE,GONEAWAY,2025-01-06 15:39:57
23982,James Jones,"81 Pine Road, Kilkenny",LEGAL,HOLD FO,2025-01-06 15:56:04
48880,Alex Martinez,"85 Pine Road, Kilkenny",TRACE,GONEAWAY,2025-01-06 16:46:03
82007,Sarah Williams,"99 Oak Street, Cork",LEGAL,LEG VERIF 1,2025-01-06 17:13:30
53017,Daniel Smith,"120 Hillcrest Road, Belfast",TRACE,GONEAWAY,2025-01-06 17:28:45
19986,Alex Smith,"130 Oak Street, Galway",OTHER,ARCHIVED,2025-01-06 17:50:55
88706,Laura Williams,"49 Elm Street, Kilkenny",TRACE,GONEAWAY,2025-01-06 20:26:35
35504,Daniel Garcia,"53 Cedar Lane, Kilkenny",PAYING,PAY CURR,2025-01-06 22:21:04
76500,John Garcia,"176 Sunset Boulevard, Cork",COLLECTIONS,CASSIST2,2025-01-07 19:15:44
68484,Michael Wilson,"53 Elm Street, Kilkenny",TRACE,GONEAWAY,2025-01-08 02:33:20
45539,James Johnson,"88 Maple Avenue, Sligo",LEGAL,LEG VERIF 2,2025-01-08 04:56:40
14006,James Johnson,"124 Maple Avenue, Galway",OTHER,ARCHIVED,2025-01-08 05:55:47
19099,Michael Smith,"93 Pine Road, Waterford",LEGAL,LEG VERIF 1,2025-01-08 06:36:06
26168,Maria Williams,"120 Cedar Lane, Belfast",LEGAL,HOLD FO,2025-01-08 07:41:19
33783,Emma Garcia,"158 Cedar Lane, Belfast",LEGAL,LEG_TIT,2025-01-08 10:23:35
25733,David Brown,"63 Sunset Boulevard, Kilkenny",COLLECTIONS,PAY OVER,2025-01-08 13:26:21
25726,Olivia Davis,"144 Riverside Drive, Galway",INSOLVENCY,INS2,2025-01-08 17:27:11
31172,Olivia Smith,"102 Sunset Boulevard, Dublin",LEGAL,LEG VERIF 2,2025-01-09 00:47:09
35401,John Miller,"164 Sunset Boulevard, Belfast",TRACE,GONEAWAY,2025-01-09 01:12:36
26696,Sarah Rodriguez,"73 Maple Avenue, Kilkenny",OTHER,ARCHIVED,2025-01-09 04:55:08
20307,James Williams,"149 Riverside Drive, Limerick",SETTLED,SETTLED,2025-01-09 05:43:51
94706,Alex Davis,"55 Elm Street, Galway",TRACE,GONEAWAY,2025-01-09 08:59:21
28382,Daniel Miller,"64 Maple Avenue, Kilkenny",LEGAL,LEG_NOT,2025-01-09 15:22:38
86015,Sarah Miller,"151 Sunset Boulevard, Kilkenny",INSOLVENCY,INS2,2025-01-11 01:38:56
91402,Alex Rodriguez,"161 Hillcrest Road, Dublin",COLLECTIONS,CANCEL2,2025-01-11 07:31:25
52137,David Brown,"158 Cedar Lane, Sligo",SETTLED,SETTLED,2025-01-11 08:56:14
63099,Alex Martinez,"170 Elm Street, Kilkenny",LEGAL,LEG_NOT,2025-01-11 15:59:23
46155,Sophia Smith,"130 Cedar Lane, Galway",LEGAL,HOLD FO,2025-01-11 22:39:42
39776,Maria Davis,"113 Maple Avenue, Kilkenny",COLLECTIONS,CASSIST2,2025-01-12 00:13:32
59399,Michael Jones,"5 Hillcrest Road, Kilkenny",PAYING,PAY PROP,2025-01-12 01:10:11
55200,Maria Johnson,"134 Elm Street, Galway",OTHER,ARCHIVED,2025-01-12 04:19:04
31933,David Williams,"15 Elm Street, Cork",COLLECTIONS,PRIME,2025-01-12 06:10:57
27620,Daniel Wilson,"79 Sunset Boulevard, Sligo",COLLECTIONS,CANCEL4,2025-01-12 06:37:06
45548,Maria Wilson,"163 Maple Avenue, Dublin",INSOLVENCY,INS4,2025-01-12 07:59:06
48786,Sophia Martinez,"56 Hillcrest Road, Dublin",SETTLED,SETTLED,2025-01-12 08:52:54
27497,John Garcia,"165 Maple Avenue, Limerick",INSOLVENCY,INS4,2025-01-12 09:00:45
86646,Sarah Williams,"29 Hillcrest Road, Galway",COLLECTIONS,CANCEL4,2025-01-12 13:59:18
22047,James Jones,"37 Sunset Boulevard, Belfast",OTHER,ARCHIVED,2025-01-12 14:42:56
21399,David Williams,"41 Pine Road, Sligo",SETTLED,SETTLED,2025-01-12 16:37:01
95599,Michael Wilson,"70 Maple Avenue, Sligo",OTHER,ARCHIVED,2025-01-12 16:37:30
68126,Olivia Davis,"162 Maple Avenue, Limerick",INSOLVENCY,INS1,2025-01-12 18:54:48
37781,David Wilson,"105 Riverside Drive, Belfast",COLLECTIONS,PAY OVER,2025-01-12 21:03:55
97918,Daniel Smith,"123 Riverside Drive, Sligo",COLLECTIONS,TELSOLUTIONS4,2025-01-13 01:25:17
74670,Laura Rodriguez,"189 Maple Avenue, Galway",COLLECTIONS,PAY OVER,2025-01-13 01:47:02
14961,John Davis,"179 Riverside Drive, Dublin",LEGAL,LEG VERIF 2,2025-01-13 02:33:09
26514,Sophia Smith,"135 Sunset Boulevard, Limerick",TRACE,GONEAWAY,2025-01-13 02:47:14
11352,Alex Johnson,"38 Hillcrest Road, Sligo",OTHER,ARCHIVED,2025-01-13 07:05:11
15248,Maria Martinez,"86 Elm Street, Belfast",LEGAL,LEG VERIF 1,2025-01-13 09:14:18
59505,Daniel Wilson,"113 Pine Road, Limerick",INSOLVENCY,INS1,2025-01-13 09:36:43
23382,David Garcia,"142 Hillcrest Road, Galway",LEGAL,LEG VERIF 1,2025-01-13 10:35:55
55992,John Miller,"18 Sunset Boulevard, Galway",OTHER,ARCHIVED,2025-01-13 12:14:16
44060,Sarah Davis,"151 Cedar Lane, Kilkenny",OTHER,ARCHIVED,2025-01-13 12:27:58
63848,Emma Williams,"57 Oak Street, Limerick",INSOLVENCY,INSP,2025-01-13 12:40:56
43314,Michael Miller,"13 Elm Street, Belfast",LEGAL,LEG_TIT,2025-01-13 12:55:42
29623,James Smith,"134 Riverside Drive, Waterford",COLLECTIONS,PAY OVER,2025-01-13 13:42:04
19413,Sophia Jones,"52 Sunset Boulevard, Limerick",COLLECTIONS,CASSIST2,2025-01-13 15:42:55
26168,Maria Williams,"120 Cedar Lane, Belfast",LEGAL,LEG_NOT,2025-01-13 17:31:34
62345,Laura Miller,"189 Cedar Lane, Cork",COLLECTIONS,CASSIST2,2025-01-13 17:54:09
85441,John Garcia,"125 Hillcrest Road, Sligo",OTHER,ARCHIVED,2025-01-13 20:12:54
95232,John Rodriguez,"124 Sunset Boulevard, Limerick",OTHER,ARCHIVED,2025-01-13 21:51:47
38621,John Wilson,"37 Maple Avenue, Dublin",COLLECTIONS,TELSOLUTIONS1,2025-01-13 22:39:23
59940,James Smith,"74 Elm Street, Kilkenny",COLLECTIONS,PRIME,2025-01-13 23:48:15
46545,David Davis,"101 Sunset Boulevard, Waterford",OTHER,ARCHIVED,2025-01-14 05:26:37
88706,Laura Williams,"49 Elm Street, Kilkenny",COLLECTIONS,PRIME,2025-01-14 05:34:54
92669,John Davis,"72 Pine Road, Kilkenny",LEGAL,LEG VERIF 1,2025-01-14 14:47:07
13416,Emma Wilson,"58 Pine Road, Dublin",LEGAL,LEG_NOT,2025-01-14 15:13:13
26686,James Johnson,"43 Riverside Drive, Waterford",INSOLVENCY,INS3,2025-01-14 16:27:06
91658,Olivia Davis,"106 Cedar Lane, Sligo",COLLECTIONS,TELSOLUTIONS4,2025-01-14 22:23:01
31658,Alex Wilson,"73 Riverside Drive, Cork",LEGAL,HOLD FO,2025-01-15 04:03:57
32283,James Johnson,"41 Pine Road, Cork",TRACE,GONEAWAY,2025-01-15 04:07:26
88716,Emma Rodriguez,"113 Cedar Lane, Galway",TRACE,GONEAWAY,2025-01-15 09:27:05
77145,Michael Williams,"7 Cedar Lane, Cork",PAYING,PAY PROP,2025-01-15 21:30:25
84845,Sarah Rodriguez,"89 Riverside Drive, Waterford",PAYING,PAY CURR,2025-01-15 23:05:03
47984,Sarah Brown,"111 Riverside Drive, Kilkenny",PAYING,PAY PROP,2025-01-15 23:35:21
57417,Daniel Smith,"175 Hillcrest Road, Limerick",OTHER,ARCHIVED,2025-01-16 05:24:34
82269,Maria Martinez,"175 Oak Street, Galway",INSOLVENCY,INS4,2025-01-16 12:01:27
15757,Sophia Williams,"79 Sunset Boulevard, Dublin",INSOLVENCY,INSP,2025-01-16 16:26:27
60048,Sophia Williams,"132 Hillcrest Road, Waterford",COLLECTIONS,TELSOLUTIONS4,2025-01-17 00:11:35
86556,Michael Brown,"113 Elm Street, Kilkenny",SETTLED,SETTLED,2025-01-17 06:37:51
78078,John Miller,"48 Riverside Drive, Limerick",SETTLED,SETTLED,2025-01-17 08:39:49
11916,John Miller,"42 Cedar Lane, Kilkenny",LEGAL,LEG_TIT,2025-01-17 09:33:42
18486,Olivia Rodriguez,"20 Oak Street, Dublin",PAYING,PAY CURR,2025-01-17 11:55:53
77521,Michael Martinez,"104 Sunset Boulevard, Galway",PAYING,PAY CURR,2025-01-17 13:52:10
88654,Michael Rodriguez,"128 Oak Street, Kilkenny",OTHER,ARCHIVED,2025-01-17 14:20:54
91099,John Brown,"171 Elm Street, Belfast",LEGAL,HOLD FO,2025-01-17 15:13:09
41740,John Johnson,"78 Cedar Lane, Dublin",OTHER,ARCHIVED,2025-01-17 18:19:28
50973,Emma Miller,"128 Maple Avenue, Galway",OTHER,ARCHIVED,2025-01-17 18:55:52
65773,James Miller,"140 Riverside Drive, Kilkenny",INSOLVENCY,INSP,2025-01-17 19:21:02
93809,Sophia Brown,"68 Riverside Drive, Dublin",INSOLVENCY,INS2,2025-01-17 19:28:23
20233,Michael Davis,"60 Riverside Drive, Belfast",COLLECTIONS,CANCEL2,2025-01-17 20:53:04
64713,John Johnson,"87 Oak Street, Belfast",OTHER,ARCHIVED,2025-01-19 14:53:17
47933,Emma Brown,"79 Elm Street, Kilkenny",SETTLED,SETTLED,2025-01-20 03:49:35
29600,Daniel Martinez,"184 Elm Street, Limerick",SETTLED,SETTLED,2025-01-21 01:48:34
77395,Olivia Jones,"178 Riverside Drive, Kilkenny",TRACE,GONEAWAY,2025-01-21 06:35:45
15757,Sophia Williams,"79 Sunset Boulevard, Dublin",COLLECTIONS,PRIME_D,2025-01-21 14:25:31
80893,Alex Wilson,"36 Cedar Lane, Sligo",PAYING,PAY PROP,2025-01-22 02:10:46
31933,David Williams,"15 Elm Street, Cork",LEGAL,LEG_TIT,2025-01-22 04:19:50
61934,Sarah Johnson,"36 Maple Avenue, Cork",COLLECTIONS,CANCEL2,2025-01-22 10:20:59
11254,Maria Brown,"48 Elm Street, Kilkenny",OTHER,ARCHIVED,2025-01-22 12:01:38
21415,David Jones,"172 Maple Avenue, Kilkenny",OTHER,ARCHIVED,2025-01-22 18:22:50
17880,Emma Davis,"52 Pine Road, Cork",TRACE,GONEAWAY,2025-01-22 20:22:01
11916,John Miller,"42 Cedar Lane, Kilkenny",PAYING,PAY CURR,2025-01-22 22:15:53
61550,Maria Brown,"98 Riverside Drive, Galway",SETTLED,SETTLED,2025-01-22 23:18:28
78353,John Rodriguez,"87 Oak Street, Galway",LEGAL,LEG VERIF 1,2025-01-22 23:35:05
35227,Emma Brown,"44 Hillcrest Road, Sligo",INSOLVENCY,INS1,2025-01-23 00:02:11
98298,Sarah Williams,"118 Elm Street, Cork",PAYING,PAY PROP,2025-01-23 00:34:43
34083,Michael Davis,"37 Hillcrest Road, Cork",TRACE,GONEAWAY,2025-01-23 01:02:55
51089,Laura Garcia,"41 Maple Avenue, Galway",PAYING,PAY CURR,2025-01-23 06:17:55
74104,Sarah Rodriguez,"106 Riverside Drive, Kilkenny",TRACE,GONEAWAY,2025-01-23 08:17:58
35861,David Johnson,"103 Cedar Lane, Galway",TRACE,GONEAWAY,2025-01-23 10:11:21
69313,Alex Davis,"143 Riverside Drive, Cork",COLLECTIONS,CANCEL4,2025-01-23 10:32:42
13883,David Smith,"74 Sunset Boulevard, Cork",INSOLVENCY,INSP,2025-01-23 15:31:54
72758,Emma Brown,"197 Oak Street, Dublin",COLLECTIONS,PAY OVER,2025-01-23 17:40:12
53016,Laura Johnson,"197 Oak Street, Belfast",OTHER,ARCHIVED,2025-01-23 22:55:34
70219,John Johnson,"59 Maple Avenue, Sligo",OTHER,ARCHIVED,2025-01-23 23:18:01
52137,David Brown,"158 Cedar Lane, Sligo",OTHER,ARCHIVED,2025-01-23 23:50:43
78987,Maria Smith,"55 Oak Street, Limerick",INSOLVENCY,INS3,2025-01-24 11:31:46
98254,Sarah Rodriguez,"3 Pine Road, Sligo",TRACE,GONEAWAY,2025-01-24 12:12:14
53131,Emma Garcia,"41 Elm Street, Sligo",PAYING,PAY PROP,2025-01-24 17:00:33
95948,James Davis,"45 Riverside Drive, Cork",LEGAL,LEG_TIT,2025-01-24 19:16:51
45393,Emma Wilson,"84 Sunset Boulevard, Galway",OTHER,ARCHIVED,2025-01-24 20:18:31
41546,David Williams,"178 Sunset Boulevard, Cork",TRACE,GONEAWAY,2025-01-25 01:02:17
87432,John Martinez,"107 Pine Road, Dublin",PAYING,PAY PROP,2025-01-25 02:22:10
55047,James Martinez,"78 Pine Road, Waterford",OTHER,ARCHIVED,2025-01-25 04:52:15
58984,Daniel Brown,"123 Pine Road, Cork",INSOLVENCY,INS1,2025-01-25 05:13:09
98254,Sarah Rodriguez,"3 Pine Road, Sligo",PAYING,PAY CURR,2025-01-25 05:23:43
97132,Sophia Jones,"183 Oak Street, Belfast",LEGAL,LEG_TIT,2025-01-25 05:40:19
35504,Daniel Garcia,"53 Cedar Lane, Kilkenny",SETTLED,SETTLED,2025-01-25 11:26:29
82735,James Smith,"105 Riverside Drive, Limerick",INSOLVENCY,INS4,2025-01-25 17:07:10
91712,Maria Martinez,"181 Maple Avenue, Dublin",COLLECTIONS,PAY OVER,2025-01-25 18:00:16
87394,Daniel Smith,"142 Sunset Boulevard, Waterford",TRACE,GONEAWAY,2025-01-25 18:40:53
86015,Sarah Miller,"151 Sunset Boulevard, Kilkenny",PAYING,PAY CURR,2025-01-25 20:37:31
62377,Olivia Brown,"156 Pine Road, Sligo",SETTLED,SETTLED,2025-01-25 21:14:26
64136,Laura Garcia,"146 Cedar Lane, Sligo",TRACE,GONEAWAY,2025-01-26 02:21:39
66755,Laura Martinez,"93 Elm Street, Sligo",TRACE,GONEAWAY,2025-01-26 06:30:02
14567,Sophia Davis,"52 Elm Street, Belfast",PAYING,PAY CURR,2025-01-26 18:10:50
68436,Emma Johnson,"189 Oak Street, Cork",LEGAL,LEG_NOT,2025-01-26 22:34:25
60001,Alex Brown,"57 Cedar Lane, Kilkenny",LEGAL,HOLD FO,2025-01-27 01:17:44
87813,Olivia Johnson,"55 Hillcrest Road, Galway",LEGAL,LEG_TIT,2025-01-27 04:38:59
95291,Michael Garcia,"159 Oak Street, Sligo",OTHER,ARCHIVED,2025-01-27 09:32:37
11352,Alex Johnson,"38 Hillcrest Road, Sligo",LEGAL,LEG VERIF 1,2025-01-27 11:44:08
45571,Emma Martinez,"93 Cedar Lane, Limerick",OTHER,ARCHIVED,2025-01-27 12:45:34
91331,Olivia Rodriguez,"24 Cedar Lane, Dublin",TRACE,GONEAWAY,2025-01-28 14:04:22
66106,Michael Davis,"56 Pine Road, Galway",PAYING,PAY CURR,2025-01-28 19:25:10
75042,Sophia Jones,"52 Cedar Lane, Limerick",OTHER,ARCHIVED,2025-01-29 01:20:31
85557,James Smith,"69 Oak Street, Kilkenny",TRACE,GONEAWAY,2025-01-30 00:09:29
46992,James Williams,"15 Cedar Lane, Dublin",COLLECTIONS,CANCEL4,2025-01-30 00:32:16
70219,John Johnson,"59 Maple Avenue, Sligo",SETTLED,SETTLED,2025-01-30 01:03:33
87813,Olivia Johnson,"55 Hillcrest Road, Galway",PAYING,PAY CURR,2025-01-30 02:11:36
87432,John Martinez,"107 Pine Road, Dublin",TRACE,GONEAWAY,2025-01-30 03:06:22
39776,Maria Davis,"113 Maple Avenue, Kilkenny",INSOLVENCY,INS3,2025-01-30 06:04:29
12247,Laura Smith,"200 Pine Road, Dublin",INSOLVENCY,INS1,2025-01-30 08:11:01
29593,Laura Jones,"9 Cedar Lane, Dublin",OTHER,ARCHIVED,2025-01-30 09:22:03
55047,James Martinez,"78 Pine Road, Waterford",COLLECTIONS,TELSOLUTIONS1,2025-01-30 10:36:52
48354,Michael Smith,"186 Sunset Boulevard, Kilkenny",TRACE,GONEAWAY,2025-01-30 12:48:15
34083,Michael Davis,"37 Hillcrest Road, Cork",INSOLVENCY,INS1,2025-01-30 12:50:57
67303,Laura Smith,"145 Cedar Lane, Belfast",TRACE,GONEAWAY,2025-01-30 13:18:37
25635,David Martinez,"75 Maple Avenue, Galway",SETTLED,SETTLED,2025-01-30 14:35:10
30531,Sarah Garcia,"107 Sunset Boulevard, Waterford",TRACE,GONEAWAY,2025-01-30 14:40:59
92889,John Martinez,"90 Cedar Lane, Waterford",TRACE,GONEAWAY,2025-01-30 16:03:59
78633,James Davis,"20 Maple Avenue, Waterford",COLLECTIONS,CANCEL2,2025-01-30 20:33:35
40659,Sophia Rodriguez,"173 Sunset Boulevard, Kilkenny",SETTLED,SETTLED,2025-01-30 21:02:19
58984,Daniel Brown,"123 Pine Road, Cork",OTHER,ARCHIVED,2025-01-31 02:00:08
58120,Alex Jones,"138 Riverside Drive, Kilkenny",PAYING,PAY CURR,2025-01-31 02:04:58
93809,Sophia Brown,"68 Riverside Drive, Dublin",COLLECTIONS,CANCEL4,2025-01-31 04:39:26
14117,Sophia Jones,"44 Cedar Lane, Dublin",LEGAL,HOLD FO,2025-01-31 04:54:07
19372,Michael Johnson,"33 Maple Avenue, Belfast",TRACE,GONEAWAY,2025-01-31 06:26:48
73556,Emma Rodriguez,"154 Oak Street, Belfast",COLLECTIONS,CANCEL4,2025-01-31 09:04:18
54275,Alex Jones,"90 Oak Street, Sligo",SETTLED,SETTLED,2025-01-31 11:51:26
67687,Maria Martinez,"196 Riverside Drive, Belfast",COLLECTIONS,PAY OVER,2025-01-31 11:54:56
95997,Michael Martinez,"118 Elm Street, Waterford",PAYING,PAY PROP,2025-01-31 12:07:21
44502,Maria Williams,"27 Elm Street, Kilkenny",COLLECTIONS,PRIME_D,2025-01-31 12:12:03
22367,Maria Martinez,"51 Elm Street, Dublin",LEGAL,LEG_NOT,2025-01-31 13:17:08
98909,Michael Rodriguez,"83 Maple Avenue, Limerick",TRACE,GONEAWAY,2025-01-31 17:52:37
20457,Maria Jones,"172 Elm Street, Sligo",PAYING,PAY PROP,2025-01-31 19:31:38
34083,Michael Davis,"37 Hillcrest Road, Cork",SETTLED,SETTLED,2025-02-01 02:36:21
39313,John Jones,"90 Riverside Drive, Waterford",COLLECTIONS,PAY OVER,2025-02-01 06:00:07
86013,Daniel Smith,"124 Sunset Boulevard, Belfast",PAYING,PAY CURR,2025-02-04 05:06:11
13664,Emma Wilson,"1 Cedar Lane, Galway",TRACE,GONEAWAY,2025-02-04 06:50:33
98298,Sarah Williams,"118 Elm Street, Cork",TRACE,GONEAWAY,2025-02-04 08:12:00
43314,Michael Miller,"13 Elm Street, Belfast",SETTLED,SETTLED,2025-02-04 10:11:49
46986,James Martinez,"81 Hillcrest Road, Belfast",OTHER,ARCHIVED,2025-02-04 10:20:45
83620,David Wilson,"122 Pine Road, Waterford",SETTLED,SETTLED,2025-02-04 14:50:11
65156,Sarah Smith,"138 Elm Street, Galway",COLLECTIONS,CASSIST2,2025-02-04 14:57:01
58473,Sophia Brown,"162 Elm Street, Galway",TRACE,GONEAWAY,2025-02-04 17:06:27
84256,Sarah Brown,"185 Elm Street, Waterford",PAYING,PAY PROP,2025-02-04 18:37:10
82735,James Smith,"105 Riverside Drive, Limerick",OTHER,ARCHIVED,2025-02-04 20:25:39
35919,Olivia Rodriguez,"168 Elm Street, Belfast",COLLECTIONS,PRIME,2025-02-04 22:31:01
77395,Olivia Jones,"178 Riverside Drive, Kilkenny",LEGAL,LEG VERIF 2,2025-02-05 01:11:27
81029,Michael Garcia,"163 Elm Street, Waterford",COLLECTIONS,CASSIST2,2025-02-05 02:45:11
87394,Daniel Smith,"142 Sunset Boulevard, Waterford",LEGAL,LEG VERIF 1,2025-02-05 03:24:07
91712,Maria Martinez,"181 Maple Avenue, Dublin",OTHER,ARCHIVED,2025-02-05 03:30:28
42494,Olivia Rodriguez,"146 Pine Road, Waterford",PAYING,PAY CURR,2025-02-05 03:44:56
85922,John Rodriguez,"94 Pine Road, Sligo",TRACE,GONEAWAY,2025-02-05 05:24:13
48388,Alex Smith,"63 Hillcrest Road, Limerick",TRACE,GONEAWAY,2025-02-05 07:10:53
19086,Laura Brown,"88 Cedar Lane, Sligo",SETTLED,SETTLED,2025-02-05 10:11:18
51216,Olivia Martinez,"180 Pine Road, Waterford",SETTLED,SETTLED,2025-02-05 15:33:48
75723,Olivia Williams,"141 Pine Road, Waterford",COLLECTIONS,PAY OVER,2025-02-05 15:52:53
20457,Maria Jones,"172 Elm Street, Sligo",TRACE,GONEAWAY,2025-02-05 16:02:07
17320,Maria Martinez,"117 Sunset Boulevard, Belfast",TRACE,GONEAWAY,2025-02-05 17:37:07
94606,Sophia Davis,"154 Elm Street, Waterford",INSOLVENCY,INS4,2025-02-05 18:31:15
13883,David Smith,"74 Sunset Boulevard, Cork",LEGAL,HOLD FO,2025-02-05 19:41:02
63538,Alex Brown,"134 Hillcrest Road, Cork",TRACE,GONEAWAY,2025-02-05 20:23:05
11254,Maria Brown,"48 Elm Street, Kilkenny",INSOLVENCY,INS4,2025-02-05 21:50:07
87459,Alex Jones,"102 Cedar Lane, Belfast",COLLECTIONS,CANCEL2,2025-02-05 22:34:24
88654,Michael Rodriguez,"128 Oak Street, Kilkenny",OTHER,ARCHIVED,2025-02-06 02:41:52
78987,Maria Smith,"55 Oak Street, Limerick",SETTLED,SETTLED,2025-02-06 04:36:44
31933,David Williams,"15 Elm Street, Cork",INSOLVENCY,INS3,2025-02-06 07:24:54
95291,Michael Garcia,"159 Oak Street, Sligo",OTHER,ARCHIVED,2025-02-06 08:07:15
77395,Olivia Jones,"178 Riverside Drive, Kilkenny",PAYING,PAY CURR,2025-02-06 08:49:52
70629,Michael Rodriguez,"172 Oak Street, Belfast",TRACE,GONEAWAY,2025-02-06 09:13:37
39966,Alex Johnson,"2 Riverside Drive, Limerick",COLLECTIONS,CANCEL2,2025-02-06 11:13:46
28382,Daniel Miller,"64 Maple Avenue, Kilkenny",SETTLED,SETTLED,2025-02-06 12:14:42
17880,Emma Davis,"52 Pine Road, Cork",PAYING,PAY CURR,2025-02-06 16:14:41
84455,Daniel Smith,"118 Maple Avenue, Galway",LEGAL,HOLD FO,2025-02-06 23:30:15
80451,Sophia Wilson,"3 Hillcrest Road, Cork",INSOLVENCY,INS2,2025-02-06 23:55:47
31933,David Williams,"15 Elm Street, Cork",COLLECTIONS,PRIME,2025-02-08 05:24:32
59399,Michael Jones,"5 Hillcrest Road, Kilkenny",OTHER,ARCHIVED,2025-02-08 05:38:17
26514,Sophia Smith,"135 Sunset Boulevard, Limerick",COLLECTIONS,TELSOLUTIONS1,2025-02-08 13:09:22
97661,Laura Williams,"148 Oak Street, Limerick",TRACE,GONEAWAY,2025-02-08 15:03:11
93257,Daniel Williams,"50 Riverside Drive, Sligo",COLLECTIONS,TELSOLUTIONS4,2025-02-08 18:54:05
84845,Sarah Rodriguez,"89 Riverside Drive, Waterford",COLLECTIONS,PRIME,2025-02-08 22:49:26
27497,John Garcia,"165 Maple Avenue, Limerick",TRACE,GONEAWAY,2025-02-09 00:06:34
52017,Maria Wilson,"152 Riverside Drive, Sligo",PAYING,PAY PROP,2025-02-09 01:34:46
16913,Laura Smith,"142 Riverside Drive, Cork",INSOLVENCY,INS4,2025-02-09 05:01:33
86646,Sarah Williams,"29 Hillcrest Road, Galway",TRACE,GONEAWAY,2025-02-09 09:51:29
59344,Olivia Jones,"160 Sunset Boulevard, Limerick",LEGAL,LEG_TIT,2025-02-09 17:57:19
96425,Sophia Martinez,"142 Elm Street, Galway",LEGAL,HOLD FO,2025-02-09 20:57:01
95157,Emma Jones,"67 Elm Street, Galway",OTHER,ARCHIVED,2025-02-10 04:15:49
39453,James Smith,"166 Cedar Lane, Limerick",COLLECTIONS,PAY OVER,2025-02-10 05:04:26
27223,Sophia Rodriguez,"165 Cedar Lane, Kilkenny",TRACE,GONEAWAY,2025-02-10 10:10:47
66755,Laura Martinez,"93 Elm Street, Sligo",INSOLVENCY,INS3,2025-02-10 12:23:55
85922,John Rodriguez,"94 Pine Road, Sligo",INSOLVENCY,INS3,2025-02-10 13:16:48
44502,Maria Williams,"27 Elm Street, Kilkenny",TRACE,GONEAWAY,2025-02-10 21:13:38
62495,Olivia Miller,"154 Elm Street, Limerick",PAYING,PAY PROP,2025-02-11 01:03:47
78416,Laura Wilson,"31 Hillcrest Road, Limerick",LEGAL,LEG VERIF 1,2025-02-11 03:00:24
96772,Laura Brown,"127 Oak Street, Dublin",INSOLVENCY,INS3,2025-02-11 05:02:29
21418,Sarah Miller,"81 Riverside Drive, Galway",LEGAL,HOLD FO,2025-02-11 05:12:44
50515,Sarah Miller,"153 Pine Road, Limerick",LEGAL,LEG_NOT,2025-02-11 07:47:59
60947,Sarah Brown,"145 Elm Street, Dublin",SETTLED,SETTLED,2025-02-11 10:37:36
80893,Alex Wilson,"36 Cedar Lane, Sligo",PAYING,PAY CURR,2025-02-11 12:13:42
60001,Alex Brown,"57 Cedar Lane, Kilkenny",TRACE,GONEAWAY,2025-02-11 14:03:39
36810,Maria Martinez,"81 Riverside Drive, Belfast",TRACE,GONEAWAY,2025-02-11 15:12:17
21453,John Garcia,"90 Sunset Boulevard, Waterford",PAYING,PAY CURR,2025-02-11 17:15:44
61708,John Davis,"142 Elm Street, Dublin",SETTLED,SETTLED,2025-02-11 18:59:15
65428,David Jones,"35 Hillcrest Road, Limerick",TRACE,GONEAWAY,2025-02-11 19:44:46
25073,John Davis,"156 Elm Street, Galway",INSOLVENCY,INS1,2025-02-11 20:20:01
97918,Daniel Smith,"123 Riverside Drive, Sligo",OTHER,ARCHIVED,2025-02-11 20:43:14
15757,Sophia Williams,"79 Sunset Boulevard, Dublin",INSOLVENCY,INS1,2025-02-11 20:44:55
63285,Sarah Williams,"159 Oak Street, Cork",PAYING,PAY CURR,2025-02-11 21:24:15
95997,Michael Martinez,"118 Elm Street, Waterford",SETTLED,SETTLED,2025-02-12 01:24:35
35401,John Miller,"164 Sunset Boulevard, Belfast",SETTLED,SETTLED,2025-02-12 01:56:30
68484,Michael Wilson,"53 Elm Street, Kilkenny",COLLECTIONS,TELSOLUTIONS4,2025-02-12 04:04:54
47933,Emma Brown,"79 Elm Street, Kilkenny",COLLECTIONS,CANCEL2,2025-02-12 04:09:31
27620,Daniel Wilson,"79 Sunset Boulevard, Sligo",TRACE,GONEAWAY,2025-02-12 04:29:10
94751,Emma Rodriguez,"158 Maple Avenue, Kilkenny",INSOLVENCY,INS4,2025-02-12 04:48:30
40856,Alex Rodriguez,"39 Elm Street, Sligo",TRACE,GONEAWAY,2025-02-12 05:17:02
58984,Daniel Brown,"123 Pine Road, Cork",PAYING,PAY PROP,2025-02-12 06:29:37
25733,David Brown,"63 Sunset Boulevard, Kilkenny",LEGAL,LEG_NOT,2025-02-12 07:00:12
13356,James Jones,"85 Cedar Lane, Cork",INSOLVENCY,INS1,2025-02-12 07:55:31
86543,Sophia Davis,"180 Hillcrest Road, Belfast",OTHER,ARCHIVED,2025-02-12 09:23:37
59344,Olivia Jones,"160 Sunset Boulevard, Limerick",OTHER,ARCHIVED,2025-02-12 09:43:53
63848,Emma Williams,"57 Oak Street, Limerick",COLLECTIONS,TELSOLUTIONS1,2025-02-12 10:52:24
93257,Daniel Williams,"50 Riverside Drive, Sligo",OTHER,ARCHIVED,2025-02-12 13:50:56
45495,Michael Smith,"140 Elm Street, Kilkenny",SETTLED,SETTLED,2025-02-12 14:51:08
62495,Olivia Miller,"154 Elm Street, Limerick",SETTLED,SETTLED,2025-02-12 18:36:33
95324,Emma Brown,"136 Cedar Lane, Sligo",COLLECTIONS,CASSIST2,2025-02-12 18:37:54
48880,Alex Martinez,"85 Pine Road, Kilkenny",OTHER,ARCHIVED,2025-02-12 19:46:53
96425,Sophia Martinez,"142 Elm Street, Galway",OTHER,ARCHIVED,2025-02-12 22:00:38
95232,John Rodriguez,"124 Sunset Boulevard, Limerick",LEGAL,LEG VERIF 2,2025-02-13 00:30:21
45548,Maria Wilson,"163 Maple Avenue, Dublin",INSOLVENCY,INS4,2025-02-13 01:41:33
86556,Michael Brown,"113 Elm Street, Kilkenny",INSOLVENCY,INSP,2025-02-13 07:15:09
21399,David Williams,"41 Pine Road, Sligo",PAYING,PAY CURR,2025-02-13 11:59:50
38921,David Rodriguez,"132 Pine Road, Belfast",SETTLED,SETTLED,2025-02-13 13:28:00
58244,Emma Wilson,"6 Hillcrest Road, Limerick",TRACE,GONEAWAY,2025-02-13 15:16:26
44476,David Martinez,"26 Cedar Lane, Cork",OTHER,ARCHIVED,2025-02-13 17:36:47
16402,Sarah Rodriguez,"146 Maple Avenue, Limerick",COLLECTIONS,CANCEL4,2025-02-13 20:42:32
96035,Laura Garcia,"59 Maple Avenue, Sligo",LEGAL,LEG_TIT,2025-02-14 00:15:12
94400,Michael Miller,"104 Cedar Lane, Dublin",COLLECTIONS,CANCEL2,2025-02-14 03:42:42
35861,David Johnson,"103 Cedar Lane, Galway",OTHER,ARCHIVED,2025-02-14 05:00:23
89176,Sarah Johnson,"105 Cedar Lane, Galway",SETTLED,SETTLED,2025-02-14 05:58:42
99694,Sophia Rodriguez,"10 Elm Street, Belfast",SETTLED,SETTLED,2025-02-14 07:25:28
32687,Michael Wilson,"97 Cedar Lane, Dublin",COLLECTIONS,CANCEL4,2025-02-14 08:13:29
57074,James Jones,"76 Sunset Boulevard, Dublin",INSOLVENCY,INS1,2025-02-14 08:25:48
62836,Sarah Brown,"85 Pine Road, Sligo",OTHER,ARCHIVED,2025-02-14 11:20:57
71048,Maria Brown,"124 Maple Avenue, Belfast",TRACE,GONEAWAY,2025-02-14 11:23:00
70219,John Johnson,"59 Maple Avenue, Sligo",SETTLED,SETTLED,2025-02-14 12:09:09
45571,Emma Martinez,"93 Cedar Lane, Limerick",INSOLVENCY,INS3,2025-02-14 13:05:56
94400,Michael Miller,"104 Cedar Lane, Dublin",SETTLED,SETTLED,2025-02-14 13:28:03
43403,Laura Brown,"183 Hillcrest Road, Dublin",OTHER,ARCHIVED,2025-02-14 14:48:50
82324,David Smith,"60 Maple Avenue, Limerick",SETTLED,SETTLED,2025-02-14 16:16:55
23780,David Williams,"197 Hillcrest Road, Cork",COLLECTIONS,PRIME_D,2025-02-14 17:38:33
88060,David Johnson,"107 Pine Road, Waterford",OTHER,ARCHIVED,2025-02-14 18:20:43
29623,James Smith,"134 Riverside Drive, Waterford",TRACE,GONEAWAY,2025-02-14 18:29:16
83051,James Miller,"200 Hillcrest Road, Waterford",OTHER,ARCHIVED,2025-02-14 18:35:32
21399,David Williams,"41 Pine Road, Sligo",COLLECTIONS,PAY OVER,2025-02-14 19:11:20
13883,David Smith,"74 Sunset Boulevard, Cork",LEGAL,HOLD FO,2025-02-15 00:48:21
84211,John Garcia,"23 Maple Avenue, Dublin",TRACE,GONEAWAY,2025-02-15 00:56:11
17821,Daniel Williams,"88 Cedar Lane, Limerick",SETTLED,SETTLED,2025-02-15 01:20:58
92829,Michael Jones,"2 Sunset Boulevard, Kilkenny",INSOLVENCY,INS1,2025-02-15 02:08:25
95948,James Davis,"45 Riverside Drive, Cork",COLLECTIONS,TELSOLUTIONS4,2025-02-15 02:23:55
62495,Olivia Miller,"154 Elm Street, Limerick",LEGAL,LEG VERIF 2,2025-02-15 02:41:24
81634,David Jones,"195 Hillcrest Road, Dublin",COLLECTIONS,CASSIST2,2025-02-15 04:51:45
47450,Olivia Smith,"2 Cedar Lane, Limerick",OTHER,ARCHIVED,2025-02-15 07:50:16
79521,Sophia Jones,"196 Sunset Boulevard, Cork",SETTLED,SETTLED,2025-02-15 10:11:28
33347,David Jones,"157 Sunset Boulevard, Sligo",TRACE,GONEAWAY,2025-02-15 12:03:18
73732,Laura Williams,"139 Maple Avenue, Galway",OTHER,ARCHIVED,2025-02-15 12:39:46
86543,Sophia Davis,"180 Hillcrest Road, Belfast",LEGAL,LEG VERIF 1,2025-02-15 12:41:24
85466,David Williams,"131 Cedar Lane, Dublin",SETTLED,SETTLED,2025-02-15 12:50:19
46992,James Williams,"15 Cedar Lane, Dublin",OTHER,ARCHIVED,2025-02-15 13:05:26
21399,David Williams,"41 Pine Road, Sligo",LEGAL,LEG VERIF 2,2025-02-15 14:41:19
95324,Emma Brown,"136 Cedar Lane, Sligo",COLLECTIONS,TELSOLUTIONS4,2025-02-15 14:46:38
30531,Sarah Garcia,"107 Sunset Boulevard, Waterford",PAYING,PAY PROP,2025-02-15 18:40:25
32832,Sophia Davis,"68 Sunset Boulevard, Limerick",OTHER,ARCHIVED,2025-02-16 04:07:30
96035,Laura Garcia,"59 Maple Avenue, Sligo",LEGAL,LEG VERIF 2,2025-02-16 04:45:36
66158,Emma Martinez,"99 Cedar Lane, Waterford",TRACE,GONEAWAY,2025-02-16 06:50:33
39313,John Jones,"90 Riverside Drive, Waterford",INSOLVENCY,INSP,2025-02-16 08:20:21
17880,Emma Davis,"52 Pine Road, Cork",TRACE,GONEAWAY,2025-02-16 10:19:45
13356,James Jones,"85 Cedar Lane, Cork",OTHER,ARCHIVED,2025-02-16 15:17:11
62495,Olivia Miller,"154 Elm Street, Limerick",INSOLVENCY,INS1,2025-02-16 16:08:20
37781,David Wilson,"105 Riverside Drive, Belfast",SETTLED,SETTLED,2025-02-17 01:40:18
30943,Sarah Brown,"85 Sunset Boulevard, Dublin",OTHER,ARCHIVED,2025-02-17 02:26:17
52055,Maria Garcia,"136 Sunset Boulevard, Limerick",INSOLVENCY,INS3,2025-02-17 04:46:34
11336,Emma Smith,"64 Pine Road, Sligo",TRACE,GONEAWAY,2025-02-17 07:28:07
66787,Alex Rodriguez,"26 Elm Street, Sligo",LEGAL,LEG VERIF 2,2025-02-17 11:21:08
70219,John Johnson,"59 Maple Avenue, Sligo",INSOLVENCY,INS4,2025-02-17 13:37:00
91099,John Brown,"171 Elm Street, Belfast",PAYING,PAY PROP,2025-02-17 16:09:42
51216,Olivia Martinez,"180 Pine Road, Waterford",INSOLVENCY,INS3,2025-02-17 16:38:52
92255,Sophia Martinez,"67 Maple Avenue, Sligo",TRACE,GONEAWAY,2025-02-17 17:27:29
55200,Maria Johnson,"134 Elm Street, Galway",SETTLED,SETTLED,2025-02-17 17:36:27
61708,John Davis,"142 Elm Street, Dublin",OTHER,ARCHIVED,2025-02-17 23:42:17
77513,Laura Smith,"35 Hillcrest Road, Belfast",LEGAL,LEG_NOT,2025-02-18 00:39:19
69791,Michael Rodriguez,"160 Maple Avenue, Belfast",PAYING,PAY CURR,2025-02-18 01:15:22
49999,James Miller,"47 Riverside Drive, Limerick",TRACE,GONEAWAY,2025-02-18 02:56:02
42371,David Williams,"102 Elm Street, Belfast",INSOLVENCY,INS1,2025-02-18 04:53:03
33347,David Jones,"157 Sunset Boulevard, Sligo",PAYING,PAY PROP,2025-02-18 05:51:18
10180,Olivia Davis,"3 Elm Street, Limerick",COLLECTIONS,TELSOLUTIONS1,2025-02-18 07:51:39
20307,James Williams,"149 Riverside Drive, Limerick",PAYING,PAY CURR,2025-02-18 11:34:46
86556,Michael Brown,"113 Elm Street, Kilkenny",LEGAL,HOLD FO,2025-02-18 11:49:52
69313,Alex Davis,"143 Riverside Drive, Cork",COLLECTIONS,TELSOLUTIONS1,2025-02-18 12:21:01
84211,John Garcia,"23 Maple Avenue, Dublin",INSOLVENCY,INS2,2025-02-18 13:18:27
34083,Michael Davis,"37 Hillcrest Road, Cork",COLLECTIONS,PRIME,2025-02-18 21:22:02
77521,Michael Martinez,"104 Sunset Boulevard, Galway",COLLECTIONS,CANCEL2,2025-02-18 23:09:10
91142,Michael Rodriguez,"159 Pine Road, Waterford",PAYING,PAY PROP,2025-02-19 00:42:21
64070,Laura Davis,"42 Elm Street, Galway",LEGAL,HOLD FO,2025-02-19 09:07:49
21418,Sarah Miller,"81 Riverside Drive, Galway",PAYING,PAY PROP,2025-02-19 10:34:54
57663,John Johnson,"101 Oak Street, Belfast",PAYING,PAY CURR,2025-02-19 12:07:02
40198,Alex Williams,"6 Maple Avenue, Kilkenny",PAYING,PAY CURR,2025-02-19 16:42:17
94193,David Rodriguez,"28 Cedar Lane, Sligo",SETTLED,SETTLED,2025-02-19 16:55:04
65559,Sophia Miller,"7 Maple Avenue, Kilkenny",COLLECTIONS,PRIME,2025-02-19 17:43:16
92255,Sophia Martinez,"67 Maple Avenue, Sligo",OTHER,ARCHIVED,2025-02-19 19:07:43
33376,Emma Smith,"35 Sunset Boulevard, Kilkenny",OTHER,ARCHIVED,2025-02-19 21:51:04
79521,Sophia Jones,"196 Sunset Boulevard, Cork",TRACE,GONEAWAY,2025-02-19 22:45:18
92255,Sophia Martinez,"67 Maple Avenue, Sligo",TRACE,GONEAWAY,2025-02-21 02:45:18
39966,Alex Johnson,"2 Riverside Drive, Limerick",LEGAL,HOLD FO,2025-02-21 03:47:21
38921,David Rodriguez,"132 Pine Road, Belfast",PAYING,PAY PROP,2025-02-21 05:37:03
91001,Maria Martinez,"127 Maple Avenue, Waterford",INSOLVENCY,INS4,2025-02-21 06:19:11
31933,David Williams,"15 Elm Street, Cork",COLLECTIONS,PAY OVER,2025-02-21 06:20:41
48786,Sophia Martinez,"56 Hillcrest Road, Dublin",PAYING,PAY CURR,2025-02-21 11:09:15
56961,John Brown,"83 Riverside Drive, Galway",COLLECTIONS,CANCEL2,2025-02-21 13:00:44
98909,Michael Rodriguez,"83 Maple Avenue, Limerick",COLLECTIONS,CANCEL4,2025-02-21 13:26:50
36291,David Davis,"39 Elm Street, Dublin",COLLECTIONS,PAY OVER,2025-02-21 13:46:04
52087,Maria Brown,"120 Hillcrest Road, Belfast",TRACE,GONEAWAY,2025-02-21 14:36:25
78987,Maria Smith,"55 Oak Street, Limerick",TRACE,GONEAWAY,2025-02-21 17:14:22
83620,David Wilson,"122 Pine Road, Waterford",INSOLVENCY,INSP,2025-02-22 04:12:30
58473,Sophia Brown,"162 Elm Street, Galway",TRACE,GONEAWAY,2025-02-22 05:04:41
36459,Sarah Williams,"52 Oak Street, Belfast",INSOLVENCY,INS2,2025-02-22 05:09:56
57819,John Garcia,"141 Elm Street, Sligo",SETTLED,SETTLED,2025-02-22 08:11:12
55047,James Martinez,"78 Pine Road, Waterford",TRACE,GONEAWAY,2025-02-22 11:44:51
35227,Emma Brown,"44 Hillcrest Road, Sligo",LEGAL,HOLD FO,2025-02-22 13:47:04
86086,Laura Garcia,"68 Pine Road, Sligo",LEGAL,HOLD FO,2025-02-22 14:53:30
92829,Michael Jones,"2 Sunset Boulevard, Kilkenny",COLLECTIONS,CANCEL2,2025-02-22 15:04:35
13124,David Rodriguez,"90 Elm Street, Waterford",INSOLVENCY,INS3,2025-02-22 16:07:52
13356,James Jones,"85 Cedar Lane, Cork",LEGAL,LEG VERIF 1,2025-02-22 16:28:07
52137,David Brown,"158 Cedar Lane, Sligo",OTHER,ARCHIVED,2025-02-22 16:33:08
40987,Sophia Martinez,"72 Pine Road, Cork",INSOLVENCY,INS1,2025-02-22 17:02:14
57819,John Garcia,"141 Elm Street, Sligo",LEGAL,HOLD FO,2025-02-22 17:54:26
83652,Maria Brown,"121 Elm Street, Limerick",INSOLVENCY,INS4,2025-02-22 18:16:13
13664,Emma Wilson,"1 Cedar Lane, Galway",INSOLVENCY,INS3,2025-02-22 19:47:27
45153,Sophia Davis,"16 Maple Avenue, Kilkenny",TRACE,GONEAWAY,2025-02-22 20:08:01
25000,Maria Martinez,"48 Elm Street, Galway",TRACE,GONEAWAY,2025-02-22 21:17:28
34083,Michael Davis,"37 Hillcrest Road, Cork",LEGAL,LEG_NOT,2025-02-22 21:54:54
26066,James Jones,"161 Pine Road, Waterford",SETTLED,SETTLED,2025-02-22 22:06:24
45153,Sophia Davis,"16 Maple Avenue, Kilkenny",SETTLED,SETTLED,2025-02-22 22:39:47
97280,Maria Wilson,"104 Oak Street, Galway",COLLECTIONS,PRIME,2025-02-23 00:09:59
29593,Laura Jones,"9 Cedar Lane, Dublin",LEGAL,LEG_TIT,2025-02-23 04:20:56
68861,Emma Rodriguez,"115 Sunset Boulevard, Cork",PAYING,PAY PROP,2025-02-24 00:09:25
82095,Sophia Johnson,"114 Riverside Drive, Galway",SETTLED,SETTLED,2025-02-24 00:35:30
21698,Emma Miller,"48 Cedar Lane, Dublin",COLLECTIONS,TELSOLUTIONS1,2025-02-24 01:37:01
63368,John Johnson,"56 Elm Street, Limerick",OTHER,ARCHIVED,2025-02-24 01:41:10
98298,Sarah Williams,"118 Elm Street, Cork",OTHER,ARCHIVED,2025-02-24 02:23:31
59940,James Smith,"74 Elm Street, Kilkenny",PAYING,PAY PROP,2025-02-24 06:08:48
48786,Sophia Martinez,"56 Hillcrest Road, Dublin",PAYING,PAY PROP,2025-02-24 07:23:57
97280,Maria Wilson,"104 Oak Street, Galway",COLLECTIONS,TELSOLUTIONS4,2025-02-24 08:03:23
59940,James Smith,"74 Elm Street, Kilkenny",TRACE,GONEAWAY,2025-02-24 12:02:09
31463,Sarah Garcia,"113 Hillcrest Road, Galway",COLLECTIONS,CASSIST2,2025-02-24 14:16:44
85922,John Rodriguez,"94 Pine Road, Sligo",COLLECTIONS,PAY OVER,2025-02-24 14:24:35
21489,Daniel Jones,"50 Riverside Drive, Galway",TRACE,GONEAWAY,2025-02-24 14:40:54
47808,James Garcia,"200 Elm Street, Belfast",INSOLVENCY,INS4,2025-02-24 18:57:41
85557,James Smith,"69 Oak Street, Kilkenny",OTHER,ARCHIVED,2025-02-24 19:03:52
11356,Maria Williams,"147 Oak Street, Galway",LEGAL,HOLD FO,2025-02-24 20:48:38
67701,Alex Brown,"116 Maple Avenue, Waterford",TRACE,GONEAWAY,2025-02-24 23:19:08
39453,James Smith,"166 Cedar Lane, Limerick",PAYING,PAY CURR,2025-02-25 02:32:14
21415,David Jones,"172 Maple Avenue, Kilkenny",OTHER,ARCHIVED,2025-02-25 03:58:42
68126,Olivia Davis,"162 Maple Avenue, Limerick",TRACE,GONEAWAY,2025-02-25 04:06:16
69833,Laura Garcia,"200 Hillcrest Road, Kilkenny",INSOLVENCY,INS2,2025-02-25 04:47:50
62595,Sarah Davis,"25 Pine Road, Sligo",INSOLVENCY,INS2,2025-02-25 05:54:09
74894,Emma Garcia,"190 Sunset Boulevard, Belfast",INSOLVENCY,INSP,2025-02-25 07:03:22
91537,David Martinez,"163 Pine Road, Sligo",INSOLVENCY,INS3,2025-02-25 10:40:40
73634,Daniel Johnson,"43 Hillcrest Road, Waterford",COLLECTIONS,CANCEL2,2025-02-25 13:02:48
58434,James Rodriguez,"134 Maple Avenue, Belfast",LEGAL,HOLD FO,2025-02-25 21:05:41
63368,John Johnson,"56 Elm Street, Limerick",OTHER,ARCHIVED,2025-02-26 00:23:51
82487,Daniel Miller,"195 Riverside Drive, Belfast",OTHER,ARCHIVED,2025-02-26 00:47:55
34002,James Johnson,"200 Oak Street, Waterford",SETTLED,SETTLED,2025-02-26 03:58:37
82789,Maria Garcia,"57 Oak Street, Galway",COLLECTIONS,PAY OVER,2025-02-26 14:05:44
36459,Sarah Williams,"52 Oak Street, Belfast",LEGAL,LEG VERIF 2,2025-02-26 15:00:40
19986,Alex Smith,"130 Oak Street, Galway",LEGAL,HOLD FO,2025-02-26 15:23:13
47808,James Garcia,"200 Elm Street, Belfast",SETTLED,SETTLED,2025-02-26 17:52:14
68436,Emma Johnson,"189 Oak Street, Cork",LEGAL,LEG VERIF 1,2025-02-26 19:03:17
86494,Laura Jones,"188 Sunset Boulevard, Dublin",OTHER,ARCHIVED,2025-02-26 21:01:36
11916,John Miller,"42 Cedar Lane, Kilkenny",LEGAL,LEG VERIF 2,2025-02-26 21:44:43
32252,Michael Brown,"111 Elm Street, Belfast",SETTLED,SETTLED,2025-02-26 23:58:06
96425,Sophia Martinez,"142 Elm Street, Galway",SETTLED,SETTLED,2025-02-27 04:24:51
40079,Sarah Wilson,"112 Elm Street, Belfast",COLLECTIONS,CANCEL2,2025-02-27 04:51:11
42371,David Williams,"102 Elm Street, Belfast",COLLECTIONS,CANCEL2,2025-02-27 08:01:43
46369,Emma Jones,"85 Sunset Boulevard, Sligo",OTHER,ARCHIVED,2025-02-27 09:26:29
45539,James Johnson,"88 Maple Avenue, Sligo",SETTLED,SETTLED,2025-02-27 09:47:17
30531,Sarah Garcia,"107 Sunset Boulevard, Waterford",COLLECTIONS,PAY OVER,2025-02-27 10:25:15
57417,Daniel Smith,"175 Hillcrest Road, Limerick",TRACE,GONEAWAY,2025-02-27 10:44:45
31903,Alex Brown,"183 Cedar Lane, Waterford",LEGAL,LEG VERIF 2,2025-02-27 11:45:25
21489,Daniel Jones,"50 Riverside Drive, Galway",PAYING,PAY CURR,2025-02-27 12:11:36
57819,John Garcia,"141 Elm Street, Sligo",OTHER,ARCHIVED,2025-02-27 12:34:23
67687,Maria Martinez,"196 Riverside Drive, Belfast",PAYING,PAY CURR,2025-02-27 15:40:10
87813,Olivia Johnson,"55 Hillcrest Road, Galway",COLLECTIONS,PAY OVER,2025-02-27 16:31:00
40659,Sophia Rodriguez,"173 Sunset Boulevard, Kilkenny",OTHER,ARCHIVED,2025-02-27 17:02:19
25073,John Davis,"156 Elm Street, Galway",SETTLED,SETTLED,2025-02-27 17:28:00
16628,Sarah Rodriguez,"164 Pine Road, Galway",COLLECTIONS,CANCEL2,2025-02-27 18:49:03
87394,Daniel Smith,"142 Sunset Boulevard, Waterford",COLLECTIONS,CANCEL2,2025-02-27 20:22:08
93774,James Jones,"97 Elm Street, Waterford",SETTLED,SETTLED,2025-02-27 20:23:01
30817,Daniel Johnson,"134 Hillcrest Road, Limerick",LEGAL,HOLD FO,2025-02-27 20:28:48
96772,Laura Brown,"127 Oak Street, Dublin",LEGAL,LEG_TIT,2025-02-27 22:35:31
37628,Maria Johnson,"30 Pine Road, Cork",TRACE,GONEAWAY,2025-02-27 23:33:17
32832,Sophia Davis,"68 Sunset Boulevard, Limerick",COLLECTIONS,CASSIST2,2025-02-28 06:34:35
40659,Sophia Rodriguez,"173 Sunset Boulevard, Kilkenny",LEGAL,LEG VERIF 1,2025-02-28 06:55:58
46545,David Davis,"101 Sunset Boulevard, Waterford",TRACE,GONEAWAY,2025-02-28 10:02:09
68126,Olivia Davis,"162 Maple Avenue, Limerick",COLLECTIONS,CANCEL4,2025-02-28 13:02:56
34002,James Johnson,"200 Oak Street, Waterford",TRACE,GONEAWAY,2025-02-28 17:38:48
14961,John Davis,"179 Riverside Drive, Dublin",SETTLED,SETTLED,2025-02-28 23:23:12
54765,Daniel Johnson,"88 Maple Avenue, Galway",OTHER,ARCHIVED,2025-03-01 06:34:33
26696,Sarah Rodriguez,"73 Maple Avenue, Kilkenny",LEGAL,LEG VERIF 2,2025-03-01 07:00:32
52017,Maria Wilson,"152 Riverside Drive, Sligo",TRACE,GONEAWAY,2025-03-01 14:02:47
67443,Sarah Brown,"134 Cedar Lane, Galway",PAYING,PAY PROP,2025-03-01 19:46:20
91710,Olivia Williams,"53 Sunset Boulevard, Limerick",OTHER,ARCHIVED,2025-03-01 21:22:28
91001,Maria Martinez,"127 Maple Avenue, Waterford",PAYING,PAY PROP,2025-03-01 23:04:17
77395,Olivia Jones,"178 Riverside Drive, Kilkenny",PAYING,PAY PROP,2025-03-01 23:24:54
65559,Sophia Miller,"7 Maple Avenue, Kilkenny",SETTLED,SETTLED,2025-03-01 23:58:28
42747,Sarah Brown,"179 Hillcrest Road, Waterford",SETTLED,SETTLED,2025-03-02 00:29:18
10180,Olivia Davis,"3 Elm Street, Limerick",OTHER,ARCHIVED,2025-03-02 02:08:06
51089,Laura Garcia,"41 Maple Avenue, Galway",PAYING,PAY PROP,2025-03-02 03:37:35
26168,Maria Williams,"120 Cedar Lane, Belfast",OTHER,ARCHIVED,2025-03-02 03:59:56
25000,Maria Martinez,"48 Elm Street, Galway",TRACE,GONEAWAY,2025-03-02 08:20:59
87394,Daniel Smith,"142 Sunset Boulevard, Waterford",TRACE,GONEAWAY,2025-03-02 10:25:30
59344,Olivia Jones,"160 Sunset Boulevard, Limerick",LEGAL,LEG VERIF 1,2025-03-02 12:04:59
29623,James Smith,"134 Riverside Drive, Waterford",TRACE,GONEAWAY,2025-03-02 12:08:32
27543,John Jones,"90 Elm Street, Kilkenny",INSOLVENCY,INS2,2025-03-02 13:11:47
96425,Sophia Martinez,"142 Elm Street, Galway",COLLECTIONS,TELSOLUTIONS4,2025-03-02 17:49:06
54885,Olivia Williams,"53 Riverside Drive, Galway",SETTLED,SETTLED,2025-03-02 18:21:07
62377,Olivia Brown,"156 Pine Road, Sligo",COLLECTIONS,CASSIST2,2025-03-02 18:57:36
65156,Sarah Smith,"138 Elm Street, Galway",TRACE,GONEAWAY,2025-03-02 19:09:58
36459,Sarah Williams,"52 Oak Street, Belfast",SETTLED,SETTLED,2025-03-03 02:34:20
17948,Alex Martinez,"128 Riverside Drive, Kilkenny",OTHER,ARCHIVED,2025-03-03 05:10:35
12247,Laura Smith,"200 Pine Road, Dublin",OTHER,ARCHIVED,2025-03-04 02:13:41
64246,Laura Smith,"182 Riverside Drive, Galway",LEGAL,LEG_NOT,2025-03-04 03:43:09
66755,Laura Martinez,"93 Elm Street, Sligo",LEGAL,LEG_NOT,2025-03-04 10:14:50
79212,Sophia Rodriguez,"177 Oak Street, Belfast",LEGAL,LEG_TIT,2025-03-04 10:46:50
59940,James Smith,"74 Elm Street, Kilkenny",INSOLVENCY,INS4,2025-03-04 13:58:58
13883,David Smith,"74 Sunset Boulevard, Cork",COLLECTIONS,CANCEL2,2025-03-04 14:59:09
54549,Olivia Miller,"41 Hillcrest Road, Kilkenny",COLLECTIONS,TELSOLUTIONS1,2025-03-04 15:09:43
86556,Michael Brown,"113 Elm Street, Kilkenny",OTHER,ARCHIVED,2025-03-04 17:51:34
21453,John Garcia,"90 Sunset Boulevard, Waterford",SETTLED,SETTLED,2025-03-04 19:39:39
87813,Olivia Johnson,"55 Hillcrest Road, Galway",TRACE,GONEAWAY,2025-03-04 21:44:36
46662,Michael Johnson,"87 Elm Street, Kilkenny",PAYING,PAY CURR,2025-03-04 23:09:30
47801,John Johnson,"44 Cedar Lane, Dublin",PAYING,PAY PROP,2025-03-04 23:29:38
82735,James Smith,"105 Riverside Drive, Limerick",COLLECTIONS,TELSOLUTIONS1,2025-03-05 00:33:56
86494,Laura Jones,"188 Sunset Boulevard, Dublin",LEGAL,LEG_NOT,2025-03-05 01:00:45
76500,John Garcia,"176 Sunset Boulevard, Cork",COLLECTIONS,PRIME,2025-03-05 02:45:13
55200,Maria Johnson,"134 Elm Street, Galway",PAYING,PAY PROP,2025-03-05 05:44:09
94606,Sophia Davis,"154 Elm Street, Waterford",TRACE,GONEAWAY,2025-03-05 06:02:39
19372,Michael Johnson,"33 Maple Avenue, Belfast",COLLECTIONS,PRIME,2025-03-05 09:49:33
82487,Daniel Miller,"195 Riverside Drive, Belfast",SETTLED,SETTLED,2025-03-05 10:24:16
19675,James Davis,"154 Hillcrest Road, Dublin",INSOLVENCY,INS2,2025-03-05 14:05:41
92829,Michael Jones,"2 Sunset Boulevard, Kilkenny",PAYING,PAY CURR,2025-03-05 14:40:19
62595,Sarah Davis,"25 Pine Road, Sligo",SETTLED,SETTLED,2025-03-05 14:49:42
88060,David Johnson,"107 Pine Road, Waterford",TRACE,GONEAWAY,2025-03-05 15:33:05
73332,Laura Miller,"138 Elm Street, Galway",COLLECTIONS,TELSOLUTIONS4,2025-03-05 15:47:16
89946,John Brown,"125 Maple Avenue, Cork",LEGAL,HOLD FO,2025-03-05 17:22:17
33687,Michael Wilson,"175 Pine Road, Belfast",LEGAL,LEG_TIT,2025-03-05 19:34:22
59399,Michael Jones,"5 Hillcrest Road, Kilkenny",TRACE,GONEAWAY,2025-03-05 21:32:41
62595,Sarah Davis,"25 Pine Road, Sligo",INSOLVENCY,INS1,2025-03-05 21:47:41
23780,David Williams,"197 Hillcrest Road, Cork",INSOLVENCY,INS1,2025-03-05 21:55:47
41979,Daniel Williams,"168 Elm Street, Cork",PAYING,PAY PROP,2025-03-05 22:58:53
61934,Sarah Johnson,"36 Maple Avenue, Cork",SETTLED,SETTLED,2025-03-05 23:22:01
29623,James Smith,"134 Riverside Drive, Waterford",INSOLVENCY,INS4,2025-03-05 23:46:28
67701,Alex Brown,"116 Maple Avenue, Waterford",INSOLVENCY,INS2,2025-03-06 09:19:03
89946,John Brown,"125 Maple Avenue, Cork",INSOLVENCY,INS3,2025-03-06 11:26:01
21453,John Garcia,"90 Sunset Boulevard, Waterford",OTHER,ARCHIVED,2025-03-07 00:15:24
94606,Sophia Davis,"154 Elm Street, Waterford",OTHER,ARCHIVED,2025-03-07 02:40:10
52087,Maria Brown,"120 Hillcrest Road, Belfast",OTHER,ARCHIVED,2025-03-07 04:21:02
35401,John Miller,"164 Sunset Boulevard, Belfast",TRACE,GONEAWAY,2025-03-07 22:12:19
68436,Emma Johnson,"189 Oak Street, Cork",TRACE,GONEAWAY,2025-03-08 02:43:54
62345,Laura Miller,"189 Cedar Lane, Cork",PAYING,PAY CURR,2025-03-08 04:40:34
60048,Sophia Williams,"132 Hillcrest Road, Waterford",PAYING,PAY CURR,2025-03-08 04:59:01
89612,Daniel Jones,"194 Cedar Lane, Cork",INSOLVENCY,INS3,2025-03-08 05:25:38
71914,Daniel Johnson,"76 Riverside Drive, Belfast",SETTLED,SETTLED,2025-03-08 05:38:50
90467,Laura Williams,"8 Maple Avenue, Galway",TRACE,GONEAWAY,2025-03-08 05:46:26
46545,David Davis,"101 Sunset Boulevard, Waterford",COLLECTIONS,CANCEL4,2025-03-08 09:05:49
66158,Emma Martinez,"99 Cedar Lane, Waterford",LEGAL,LEG_NOT,2025-03-08 09:27:29
61582,David Garcia,"77 Riverside Drive, Belfast",COLLECTIONS,TELSOLUTIONS4,2025-03-08 12:15:30
14961,John Davis,"179 Riverside Drive, Dublin",LEGAL,LEG_TIT,2025-03-08 13:10:24
95274,Laura Jones,"120 Maple Avenue, Kilkenny",SETTLED,SETTLED,2025-03-08 14:52:30
95274,Laura Jones,"120 Maple Avenue, Kilkenny",OTHER,ARCHIVED,2025-03-08 15:26:56
12247,Laura Smith,"200 Pine Road, Dublin",INSOLVENCY,INSP,2025-03-08 15:59:50
15680,John Miller,"125 Sunset Boulevard, Sligo",SETTLED,SETTLED,2025-03-08 17:37:50
79521,Sophia Jones,"196 Sunset Boulevard, Cork",INSOLVENCY,INS3,2025-03-08 18:35:55
28442,Emma Rodriguez,"145 Elm Street, Dublin",COLLECTIONS,CANCEL2,2025-03-08 20:25:39
69791,Michael Rodriguez,"160 Maple Avenue, Belfast",TRACE,GONEAWAY,2025-03-08 20:59:29
55558,James Wilson,"110 Sunset Boulevard, Sligo",PAYING,PAY CURR,2025-03-08 21:19:11
40540,Daniel Martinez,"168 Pine Road, Cork",INSOLVENCY,INSP,2025-03-08 22:58:09
15004,Sarah Martinez,"4 Hillcrest Road, Limerick",PAYING,PAY CURR,2025-03-08 23:11:40
33347,David Jones,"157 Sunset Boulevard, Sligo",SETTLED,SETTLED,2025-03-09 00:16:13
44476,David Martinez,"26 Cedar Lane, Cork",SETTLED,SETTLED,2025-03-09 01:39:04
30496,John Wilson,"28 Riverside Drive, Galway",COLLECTIONS,CANCEL2,2025-03-09 02:14:06
77262,Daniel Garcia,"46 Sunset Boulevard, Limerick",COLLECTIONS,TELSOLUTIONS1,2025-03-09 03:57:35
34629,Alex Martinez,"67 Sunset Boulevard, Galway",TRACE,GONEAWAY,2025-03-09 04:32:14
60199,Sophia Brown,"114 Sunset Boulevard, Limerick",COLLECTIONS,PRIME,2025-03-09 07:15:36
30746,Alex Miller,"32 Oak Street, Cork",TRACE,GONEAWAY,2025-03-09 09:08:16
89082,Michael Smith,"188 Hillcrest Road, Belfast",COLLECTIONS,TELSOLUTIONS4,2025-03-09 12:33:15
86015,Sarah Miller,"151 Sunset Boulevard, Kilkenny",LEGAL,LEG VERIF 1,2025-03-09 16:16:38
38899,Laura Smith,"119 Sunset Boulevard, Waterford",TRACE,GONEAWAY,2025-03-09 17:35:06
30817,Daniel Johnson,"134 Hillcrest Road, Limerick",COLLECTIONS,TELSOLUTIONS4,2025-03-09 21:14:16
37744,Sophia Miller,"115 Oak Street, Limerick",COLLECTIONS,PRIME_D,2025-03-09 21:27:32
39453,James Smith,"166 Cedar Lane, Limerick",SETTLED,SETTLED,2025-03-09 23:28:11
99694,Sophia Rodriguez,"10 Elm Street, Belfast",LEGAL,LEG_NOT,2025-03-10 01:01:39
14567,Sophia Davis,"52 Elm Street, Belfast",INSOLVENCY,INS1,2025-03-10 01:08:14
49999,James Miller,"47 Riverside Drive, Limerick",OTHER,ARCHIVED,2025-03-10 01:08:26
34002,James Johnson,"200 Oak Street, Waterford",OTHER,ARCHIVED,2025-03-10 05:28:46
13206,Michael Brown,"71 Hillcrest Road, Sligo",INSOLVENCY,INS3,2025-03-10 05:59:20
21399,David Williams,"41 Pine Road, Sligo",TRACE,GONEAWAY,2025-03-10 06:38:10
91712,Maria Martinez,"181 Maple Avenue, Dublin",TRACE,GONEAWAY,2025-03-10 10:40:59
89176,Sarah Johnson,"105 Cedar Lane, Galway",OTHER,ARCHIVED,2025-03-10 19:58:52
46588,Laura Miller,"68 Cedar Lane, Dublin",LEGAL,LEG_TIT,2025-03-11 14:30:05
89176,Sarah Johnson,"105 Cedar Lane, Galway",SETTLED,SETTLED,2025-03-11 16:26:07
92829,Michael Jones,"2 Sunset Boulevard, Kilkenny",PAYING,PAY CURR,2025-03-12 01:18:02
16628,Sarah Rodriguez,"164 Pine Road, Galway",OTHER,ARCHIVED,2025-03-12 03:14:10
14184,Olivia Jones,"24 Oak Street, Dublin",SETTLED,SETTLED,2025-03-13 03:08:10
89176,Sarah Johnson,"105 Cedar Lane, Galway",INSOLVENCY,INSP,2025-03-13 03:16:32
77395,Olivia Jones,"178 Riverside Drive, Kilkenny",COLLECTIONS,TELSOLUTIONS4,2025-03-13 06:17:27
85466,David Williams,"131 Cedar Lane, Dublin",PAYING,PAY PROP,2025-03-13 08:45:09
77917,Laura Miller,"68 Hillcrest Road, Sligo",INSOLVENCY,INS3,2025-03-13 10:57:33
25000,Maria Martinez,"48 Elm Street, Galway",COLLECTIONS,TELSOLUTIONS1,2025-03-13 11:26:31
33347,David Jones,"157 Sunset Boulevard, Sligo",COLLECTIONS,PAY OVER,2025-03-13 11:44:51
13787,Laura Wilson,"88 Elm Street, Cork",INSOLVENCY,INS2,2025-03-13 12:14:26
34223,Sophia Davis,"55 Riverside Drive, Belfast",LEGAL,LEG VERIF 1,2025-03-13 12:22:06
31527,Sarah Garcia,"145 Oak Street, Kilkenny",PAYING,PAY CURR,2025-03-13 16:27:05
29210,David Brown,"69 Oak Street, Kilkenny",LEGAL,LEG VERIF 2,2025-03-13 17:37:05
40987,Sophia Martinez,"72 Pine Road, Cork",COLLECTIONS,PAY OVER,2025-03-13 18:30:01
59344,Olivia Jones,"160 Sunset Boulevard, Limerick",OTHER,ARCHIVED,2025-03-13 19:17:15
31172,Olivia Smith,"102 Sunset Boulevard, Dublin",PAYING,PAY CURR,2025-03-13 19:32:43
32687,Michael Wilson,"97 Cedar Lane, Dublin",TRACE,GONEAWAY,2025-03-13 23:11:57
62692,Maria Miller,"186 Maple Avenue, Sligo",LEGAL,LEG_NOT,2025-03-13 23:41:26
25726,Olivia Davis,"144 Riverside Drive, Galway",TRACE,GONEAWAY,2025-03-14 00:45:53
92221,David Garcia,"125 Sunset Boulevard, Sligo",LEGAL,LEG VERIF 2,2025-03-14 03:36:46
31233,Daniel Wilson,"55 Maple Avenue, Waterford",INSOLVENCY,INS3,2025-03-14 05:01:50
13206,Michael Brown,"71 Hillcrest Road, Sligo",TRACE,GONEAWAY,2025-03-14 09:51:49
91173,Sarah Wilson,"18 Pine Road, Cork",LEGAL,HOLD FO,2025-03-14 09:52:45
74228,Sarah Martinez,"44 Sunset Boulevard, Sligo",INSOLVENCY,INS4,2025-03-14 11:29:02
28442,Emma Rodriguez,"145 Elm Street, Dublin",SETTLED,SETTLED,2025-03-14 13:18:06
30531,Sarah Garcia,"107 Sunset Boulevard, Waterford",OTHER,ARCHIVED,2025-03-14 21:55:53
72278,Laura Davis,"100 Cedar Lane, Limerick",TRACE,GONEAWAY,2025-03-14 22:05:58
86347,Michael Johnson,"31 Pine Road, Galway",PAYING,PAY CURR,2025-03-14 22:25:16
82735,James Smith,"105 Riverside Drive, Limerick",TRACE,GONEAWAY,2025-03-14 23:16:11
39453,James Smith,"166 Cedar Lane, Limerick",INSOLVENCY,INS1,2025-03-15 04:34:07
63848,Emma Williams,"57 Oak Street, Limerick",OTHER,ARCHIVED,2025-03-16 01:57:17
16198,Laura Williams,"167 Elm Street, Limerick",COLLECTIONS,PRIME,2025-03-16 03:47:16
89176,Sarah Johnson,"105 Cedar Lane, Galway",COLLECTIONS,PRIME,2025-03-16 05:13:22
66158,Emma Martinez,"99 Cedar Lane, Waterford",TRACE,GONEAWAY,2025-03-16 05:51:47
48388,Alex Smith,"63 Hillcrest Road, Limerick",SETTLED,SETTLED,2025-03-16 06:43:37
39175,Laura Wilson,"123 Elm Street, Kilkenny",COLLECTIONS,TELSOLUTIONS1,2025-03-16 08:48:45
11449,Daniel Miller,"6 Hillcrest Road, Waterford",OTHER,ARCHIVED,2025-03-16 10:09:08
41740,John Johnson,"78 Cedar Lane, Dublin",LEGAL,HOLD FO,2025-03-16 10:32:26
97989,David Williams,"177 Pine Road, Kilkenny",PAYING,PAY PROP,2025-03-16 11:23:07
13484,Maria Davis,"129 Cedar Lane, Galway",PAYING,PAY PROP,2025-03-16 17:32:30
62836,Sarah Brown,"85 Pine Road, Sligo",SETTLED,SETTLED,2025-03-16 18:24:10
42247,Alex Jones,"21 Cedar Lane, Waterford",TRACE,GONEAWAY,2025-03-16 23:25:15
47103,Daniel Davis,"33 Pine Road, Sligo",INSOLVENCY,INS2,2025-03-17 00:47:50
52137,David Brown,"158 Cedar Lane, Sligo",LEGAL,HOLD FO,2025-03-17 00:49:53
78078,John Miller,"48 Riverside Drive, Limerick",COLLECTIONS,PRIME,2025-03-17 01:53:46
92221,David Garcia,"125 Sunset Boulevard, Sligo",PAYING,PAY CURR,2025-03-17 02:42:41
90869,David Jones,"143 Sunset Boulevard, Waterford",PAYING,PAY PROP,2025-03-17 02:59:47
27789,Laura Johnson,"199 Riverside Drive, Limerick",PAYING,PAY CURR,2025-03-17 04:05:16
51216,Olivia Martinez,"180 Pine Road, Waterford",TRACE,GONEAWAY,2025-03-17 04:05:50
81469,Sarah Johnson,"130 Elm Street, Belfast",COLLECTIONS,PAY OVER,2025-03-17 06:19:34
48606,John Martinez,"33 Elm Street, Waterford",PAYING,PAY CURR,2025-03-17 08:15:55
85922,John Rodriguez,"94 Pine Road, Sligo",PAYING,PAY CURR,2025-03-17 09:11:58
25635,David Martinez,"75 Maple Avenue, Galway",COLLECTIONS,PAY OVER,2025-03-17 09:27:26
57791,James Miller,"118 Hillcrest Road, Sligo",INSOLVENCY,INSP,2025-03-17 10:11:44
93809,Sophia Brown,"68 Riverside Drive, Dublin",LEGAL,LEG VERIF 1,2025-03-17 10:27:15
68126,Olivia Davis,"162 Maple Avenue, Limerick",OTHER,ARCHIVED,2025-03-17 12:51:12
85922,John Rodriguez,"94 Pine Road, Sligo",TRACE,GONEAWAY,2025-03-17 15:56:55
94706,Alex Davis,"55 Elm Street, Galway",INSOLVENCY,INS1,2025-03-17 16:06:35
50973,Emma Miller,"128 Maple Avenue, Galway",PAYING,PAY PROP,2025-03-17 18:48:45
25000,Maria Martinez,"48 Elm Street, Galway",LEGAL,LEG_TIT,2025-03-17 21:12:05
35861,David Johnson,"103 Cedar Lane, Galway",OTHER,ARCHIVED,2025-03-17 23:30:59
10506,David Jones,"106 Pine Road, Waterford",LEGAL,LEG VERIF 2,2025-03-18 02:58:59
63099,Alex Martinez,"170 Elm Street, Kilkenny",INSOLVENCY,INSP,2025-03-18 03:37:41
81469,Sarah Johnson,"130 Elm Street, Belfast",COLLECTIONS,PRIME_D,2025-03-18 05:58:52
13989,Sophia Rodriguez,"95 Cedar Lane, Dublin",PAYING,PAY CURR,2025-03-18 11:24:05
95232,John Rodriguez,"124 Sunset Boulevard, Limerick",INSOLVENCY,INS3,2025-03-18 12:32:14
58434,James Rodriguez,"134 Maple Avenue, Belfast",PAYING,PAY CURR,2025-03-18 12:40:36
76500,John Garcia,"176 Sunset Boulevard, Cork",TRACE,GONEAWAY,2025-03-18 12:51:13
59940,James Smith,"74 Elm Street, Kilkenny",LEGAL,LEG_NOT,2025-03-18 13:00:29
23382,David Garcia,"142 Hillcrest Road, Galway",COLLECTIONS,PRIME,2025-03-18 17:18:50
13664,Emma Wilson,"1 Cedar Lane, Galway",PAYING,PAY CURR,2025-03-18 18:32:59
61582,David Garcia,"77 Riverside Drive, Belfast",OTHER,ARCHIVED,2025-03-19 01:04:06
45539,James Johnson,"88 Maple Avenue, Sligo",TRACE,GONEAWAY,2025-03-19 02:16:58
37781,David Wilson,"105 Riverside Drive, Belfast",PAYING,PAY CURR,2025-03-19 02:44:23
18838,Alex Martinez,"163 Elm Street, Limerick",TRACE,GONEAWAY,2025-03-19 02:45:15
66755,Laura Martinez,"93 Elm Street, Sligo",OTHER,ARCHIVED,2025-03-19 03:46:36
85466,David Williams,"131 Cedar Lane, Dublin",LEGAL,LEG_NOT,2025-03-19 04:21:04
65864,Maria Brown,"197 Hillcrest Road, Dublin",SETTLED,SETTLED,2025-03-19 06:23:47
73556,Emma Rodriguez,"154 Oak Street, Belfast",SETTLED,SETTLED,2025-03-19 06:37:14
60840,James Miller,"74 Riverside Drive, Limerick",INSOLVENCY,INS2,2025-03-19 07:02:12
45495,Michael Smith,"140 Elm Street, Kilkenny",SETTLED,SETTLED,2025-03-19 09:06:53
24815,Laura Garcia,"134 Riverside Drive, Kilkenny",COLLECTIONS,CASSIST2,2025-03-19 09:36:41
89637,Olivia Smith,"50 Cedar Lane, Dublin",COLLECTIONS,PRIME,2025-03-19 09:55:07
74228,Sarah Martinez,"44 Sunset Boulevard, Sligo",INSOLVENCY,INS2,2025-03-19 10:11:00
29836,John Johnson,"74 Sunset Boulevard, Waterford",SETTLED,SETTLED,2025-03-19 12:51:20
40856,Alex Rodriguez,"39 Elm Street, Sligo",LEGAL,LEG VERIF 2,2025-03-19 13:42:39
13356,James Jones,"85 Cedar Lane, Cork",SETTLED,SETTLED,2025-03-19 14:32:16
17320,Maria Martinez,"117 Sunset Boulevard, Belfast",PAYING,PAY PROP,2025-03-19 18:36:28
14184,Olivia Jones,"24 Oak Street, Dublin",SETTLED,SETTLED,2025-03-19 21:03:15
10474,John Rodriguez,"95 Elm Street, Cork",OTHER,ARCHIVED,2025-03-19 23:07:42
13206,Michael Brown,"71 Hillcrest Road, Sligo",LEGAL,LEG_TIT,2025-03-19 23:56:32
27800,Olivia Davis,"28 Sunset Boulevard, Waterford",PAYING,PAY PROP,2025-03-20 02:53:09
32687,Michael Wilson,"97 Cedar Lane, Dublin",SETTLED,SETTLED,2025-03-20 03:58:18
61934,Sarah Johnson,"36 Maple Avenue, Cork",SETTLED,SETTLED,2025-03-20 05:12:29
79792,David Smith,"72 Elm Street, Kilkenny",INSOLVENCY,INS3,2025-03-20 10:54:11
58064,Emma Williams,"123 Elm Street, Waterford",TRACE,GONEAWAY,2025-03-20 11:55:46
43108,Maria Martinez,"109 Sunset Boulevard, Kilkenny",SETTLED,SETTLED,2025-03-20 12:45:39
25635,David Martinez,"75 Maple Avenue, Galway",LEGAL,LEG_NOT,2025-03-20 15:49:14
59344,Olivia Jones,"160 Sunset Boulevard, Limerick",PAYING,PAY PROP,2025-03-20 16:43:56
49171,John Martinez,"172 Hillcrest Road, Dublin",TRACE,GONEAWAY,2025-03-20 18:20:22
91710,Olivia Williams,"53 Sunset Boulevard, Limerick",INSOLVENCY,INS4,2025-03-20 19:02:38
41740,John Johnson,"78 Cedar Lane, Dublin",PAYING,PAY CURR,2025-03-23 00:07:55
97918,Daniel Smith,"123 Riverside Drive, Sligo",INSOLVENCY,INS2,2025-03-23 00:56:51
35919,Olivia Rodriguez,"168 Elm Street, Belfast",TRACE,GONEAWAY,2025-03-23 01:13:29
37988,Olivia Martinez,"80 Sunset Boulevard, Belfast",PAYING,PAY CURR,2025-03-23 02:23:31
70180,Michael Garcia,"19 Oak Street, Galway",SETTLED,SETTLED,2025-03-23 03:22:36
78633,James Davis,"20 Maple Avenue, Waterford",PAYING,PAY CURR,2025-03-23 09:53:09
94193,David Rodriguez,"28 Cedar Lane, Sligo",INSOLVENCY,INS1,2025-03-23 11:33:10
93496,Emma Miller,"55 Sunset Boulevard, Sligo",INSOLVENCY,INS4,2025-03-23 11:52:34
13664,Emma Wilson,"1 Cedar Lane, Galway",COLLECTIONS,PRIME,2025-03-23 15:03:20
62495,Olivia Miller,"154 Elm Street, Limerick",INSOLVENCY,INSP,2025-03-23 15:38:46
44476,David Martinez,"26 Cedar Lane, Cork",INSOLVENCY,INS4,2025-03-23 16:17:37
58892,Maria Johnson,"192 Cedar Lane, Dublin",PAYING,PAY PROP,2025-03-23 17:52:50
55558,James Wilson,"110 Sunset Boulevard, Sligo",PAYING,PAY PROP,2025-03-23 22:14:05
55030,Olivia Martinez,"8 Elm Street, Sligo",LEGAL,HOLD FO,2025-03-24 02:54:16
90725,David Williams,"35 Oak Street, Cork",LEGAL,LEG_NOT,2025-03-24 02:57:39
32832,Sophia Davis,"68 Sunset Boulevard, Limerick",SETTLED,SETTLED,2025-03-24 03:14:57
32687,Michael Wilson,"97 Cedar Lane, Dublin",OTHER,ARCHIVED,2025-03-24 09:13:21
93257,Daniel Williams,"50 Riverside Drive, Sligo",LEGAL,LEG_TIT,2025-03-24 15:02:25
16913,Laura Smith,"142 Riverside Drive, Cork",LEGAL,HOLD FO,2025-03-24 17:13:45
38899,Laura Smith,"119 Sunset Boulevard, Waterford",LEGAL,LEG VERIF 2,2025-03-24 18:24:19
97661,Laura Williams,"148 Oak Street, Limerick",PAYING,PAY PROP,2025-03-24 20:21:04
38921,David Rodriguez,"132 Pine Road, Belfast",COLLECTIONS,CANCEL2,2025-03-25 01:10:26
24815,Laura Garcia,"134 Riverside Drive, Kilkenny",PAYING,PAY CURR,2025-03-25 01:16:46
21418,Sarah Miller,"81 Riverside Drive, Galway",SETTLED,SETTLED,2025-03-25 02:56:46
30531,Sarah Garcia,"107 Sunset Boulevard, Waterford",LEGAL,LEG_TIT,2025-03-25 04:45:37
13416,Emma Wilson,"58 Pine Road, Dublin",LEGAL,LEG VERIF 2,2025-03-25 05:36:37
70629,Michael Rodriguez,"172 Oak Street, Belfast",INSOLVENCY,INS4,2025-03-25 06:00:20
47450,Olivia Smith,"2 Cedar Lane, Limerick",PAYING,PAY PROP,2025-03-25 18:11:23
94706,Alex Davis,"55 Elm Street, Galway",COLLECTIONS,CANCEL4,2025-03-25 18:51:52
95599,Michael Wilson,"70 Maple Avenue, Sligo",INSOLVENCY,INS3,2025-03-25 19:11:29
82526,John Davis,"136 Riverside Drive, Galway",OTHER,ARCHIVED,2025-03-25 19:29:22
87921,Alex Brown,"3 Hillcrest Road, Galway",INSOLVENCY,INSP,2025-03-25 19:53:09
16077,Alex Jones,"35 Riverside Drive, Waterford",TRACE,GONEAWAY,2025-03-25 19:59:27
86086,Laura Garcia,"68 Pine Road, Sligo",LEGAL,LEG_NOT,2025-03-25 20:19:30
83785,Sophia Martinez,"141 Hillcrest Road, Cork",TRACE,GONEAWAY,2025-03-25 21:11:28
37781,David Wilson,"105 Riverside Drive, Belfast",INSOLVENCY,INS1,2025-03-25 22:29:14
66463,John Wilson,"104 Sunset Boulevard, Kilkenny",PAYING,PAY CURR,2025-03-26 03:21:08
89176,Sarah Johnson,"105 Cedar Lane, Galway",LEGAL,LEG VERIF 2,2025-03-26 04:02:42
50515,Sarah Miller,"153 Pine Road, Limerick",SETTLED,SETTLED,2025-03-26 06:37:05
87921,Alex Brown,"3 Hillcrest Road, Galway",PAYING,PAY CURR,2025-03-26 08:54:13
74894,Emma Garcia,"190 Sunset Boulevard, Belfast",PAYING,PAY PROP,2025-03-26 11:09:03
60001,Alex Brown,"57 Cedar Lane, Kilkenny",SETTLED,SETTLED,2025-03-26 12:44:39
30817,Daniel Johnson,"134 Hillcrest Road, Limerick",PAYING,PAY CURR,2025-03-26 17:50:10
57726,John Davis,"22 Cedar Lane, Belfast",PAYING,PAY PROP,2025-03-26 17:58:59
34002,James Johnson,"200 Oak Street, Waterford",PAYING,PAY CURR,2025-03-26 18:09:58
21698,Emma Miller,"48 Cedar Lane, Dublin",SETTLED,SETTLED,2025-03-26 21:43:05
58120,Alex Jones,"138 Riverside Drive, Kilkenny",PAYING,PAY CURR,2025-03-26 22:36:33
91142,Michael Rodriguez,"159 Pine Road, Waterford",COLLECTIONS,CASSIST2,2025-03-27 00:47:16
90540,Maria Brown,"8 Maple Avenue, Galway",LEGAL,LEG VERIF 2,2025-03-27 01:15:17
95324,Emma Brown,"136 Cedar Lane, Sligo",OTHER,ARCHIVED,2025-03-27 01:28:29
85173,Emma Martinez,"141 Sunset Boulevard, Cork",INSOLVENCY,INS4,2025-03-27 03:03:20
54123,Olivia Rodriguez,"79 Pine Road, Limerick",OTHER,ARCHIVED,2025-03-27 05:13:34
72758,Emma Brown,"197 Oak Street, Dublin",COLLECTIONS,PRIME_D,2025-03-27 08:33:49
95948,James Davis,"45 Riverside Drive, Cork",PAYING,PAY CURR,2025-03-27 10:30:27
48388,Alex Smith,"63 Hillcrest Road, Limerick",SETTLED,SETTLED,2025-03-27 10:35:18
85241,Emma Brown,"57 Maple Avenue, Kilkenny",LEGAL,LEG VERIF 1,2025-03-27 10:39:40
10180,Olivia Davis,"3 Elm Street, Limerick",OTHER,ARCHIVED,2025-03-27 11:07:00
46986,James Martinez,"81 Hillcrest Road, Belfast",TRACE,GONEAWAY,2025-03-27 11:35:15
80893,Alex Wilson,"36 Cedar Lane, Sligo",PAYING,PAY PROP,2025-03-27 11:52:52
59399,Michael Jones,"5 Hillcrest Road, Kilkenny",INSOLVENCY,INS3,2025-03-27 12:54:44
50515,Sarah Miller,"153 Pine Road, Limerick",TRACE,GONEAWAY,2025-03-27 14:39:18
97661,Laura Williams,"148 Oak Street, Limerick",SETTLED,SETTLED,2025-03-27 14:49:30
68436,Emma Johnson,"189 Oak Street, Cork",OTHER,ARCHIVED,2025-03-27 17:12:37
86013,Daniel Smith,"124 Sunset Boulevard, Belfast",COLLECTIONS,TELSOLUTIONS1,2025-03-27 17:13:13
10585,Michael Davis,"71 Riverside Drive, Belfast",PAYING,PAY CURR,2025-03-27 21:43:13
95948,James Davis,"45 Riverside Drive, Cork",COLLECTIONS,PAY OVER,2025-03-27 22:04:27
45495,Michael Smith,"140 Elm Street, Kilkenny",TRACE,GONEAWAY,2025-03-28 03:00:35
66216,Sophia Smith,"182 Pine Road, Limerick",OTHER,ARCHIVED,2025-03-28 03:33:41
60840,James Miller,"74 Riverside Drive, Limerick",PAYING,PAY CURR,2025-03-28 04:24:48
66463,John Wilson,"104 Sunset Boulevard, Kilkenny",OTHER,ARCHIVED,2025-03-28 09:33:43
91173,Sarah Wilson,"18 Pine Road, Cork",PAYING,PAY CURR,2025-03-28 16:44:30
14567,Sophia Davis,"52 Elm Street, Belfast",COLLECTIONS,TELSOLUTIONS4,2025-03-28 18:49:59
57663,John Johnson,"101 Oak Street, Belfast",OTHER,ARCHIVED,2025-03-29 03:26:11
62836,Sarah Brown,"85 Pine Road, Sligo",INSOLVENCY,INS1,2025-03-29 04:02:47
85557,James Smith,"69 Oak Street, Kilkenny",PAYING,PAY PROP,2025-03-29 04:11:35
13124,David Rodriguez,"90 Elm Street, Waterford",SETTLED,SETTLED,2025-03-29 06:44:12
57074,James Jones,"76 Sunset Boulevard, Dublin",INSOLVENCY,INS4,2025-03-29 08:06:34
58244,Emma Wilson,"6 Hillcrest Road, Limerick",PAYING,PAY CURR,2025-03-29 09:05:52
30943,Sarah Brown,"85 Sunset Boulevard, Dublin",COLLECTIONS,PAY OVER,2025-03-29 11:24:38
85441,John Garcia,"125 Hillcrest Road, Sligo",SETTLED,SETTLED,2025-03-29 12:48:54
21698,Emma Miller,"48 Cedar Lane, Dublin",TRACE,GONEAWAY,2025-03-29 13:41:55
84118,Michael Jones,"56 Maple Avenue, Waterford",PAYING,PAY CURR,2025-03-29 14:10:56
62595,Sarah Davis,"25 Pine Road, Sligo",COLLECTIONS,TELSOLUTIONS4,2025-03-29 14:29:01
66463,John Wilson,"104 Sunset Boulevard, Kilkenny",OTHER,ARCHIVED,2025-03-29 16:07:16
49823,Alex Jones,"1 Maple Avenue, Belfast",COLLECTIONS,PRIME,2025-03-29 17:50:46
60001,Alex Brown,"57 Cedar Lane, Kilkenny",OTHER,ARCHIVED,2025-03-29 18:00:51
39453,James Smith,"166 Cedar Lane, Limerick",INSOLVENCY,INSP,2025-03-29 18:21:19
30496,John Wilson,"28 Riverside Drive, Galway",OTHER,ARCHIVED,2025-03-29 21:44:37
19675,James Davis,"154 Hillcrest Road, Dublin",TRACE,GONEAWAY,2025-03-29 21:51:31
64070,Laura Davis,"42 Elm Street, Galway",LEGAL,LEG_NOT,2025-03-29 22:15:41
89082,Michael Smith,"188 Hillcrest Road, Belfast",SETTLED,SETTLED,2025-03-30 04:31:54
26918,Alex Miller,"81 Hillcrest Road, Belfast",COLLECTIONS,TELSOLUTIONS1,2025-03-30 05:49:38
85241,Emma Brown,"57 Maple Avenue, Kilkenny",TRACE,GONEAWAY,2025-03-30 08:34:34
47808,James Garcia,"200 Elm Street, Belfast",LEGAL,LEG_NOT,2025-03-30 12:12:48
52137,David Brown,"158 Cedar Lane, Sligo",COLLECTIONS,CASSIST2,2025-03-30 13:18:58
14961,John Davis,"179 Riverside Drive, Dublin",LEGAL,HOLD FO,2025-03-30 13:20:48
81029,Michael Garcia,"163 Elm Street, Waterford",TRACE,GONEAWAY,2025-03-30 17:33:06
73980,Laura Martinez,"92 Cedar Lane, Limerick",SETTLED,SETTLED,2025-03-30 22:55:05
29623,James Smith,"134 Riverside Drive, Waterford",OTHER,ARCHIVED,2025-03-31 04:19:28
66106,Michael Davis,"56 Pine Road, Galway",SETTLED,SETTLED,2025-03-31 04:24:59
77521,Michael Martinez,"104 Sunset Boulevard, Galway",SETTLED,SETTLED,2025-03-31 06:29:11
41740,John Johnson,"78 Cedar Lane, Dublin",LEGAL,LEG_NOT,2025-03-31 06:57:32
22047,James Jones,"37 Sunset Boulevard, Belfast",PAYING,PAY CURR,2025-03-31 08:12:11
37988,Olivia Martinez,"80 Sunset Boulevard, Belfast",PAYING,PAY CURR,2025-03-31 11:29:10
34002,James Johnson,"200 Oak Street, Waterford",TRACE,GONEAWAY,2025-03-31 12:13:24
98298,Sarah Williams,"118 Elm Street, Cork",OTHER,ARCHIVED,2025-03-31 12:36:13
70629,Michael Rodriguez,"172 Oak Street, Belfast",COLLECTIONS,CANCEL2,2025-03-31 13:37:28
68484,Michael Wilson,"53 Elm Street, Kilkenny",INSOLVENCY,INS3,2025-03-31 14:37:58
77356,Daniel Martinez,"158 Oak Street, Sligo",COLLECTIONS,PRIME_D,2025-03-31 17:46:50
14184,Olivia Jones,"24 Oak Street, Dublin",TRACE,GONEAWAY,2025-03-31 21:05:02
96772,Laura Brown,"127 Oak Street, Dublin",LEGAL,LEG_TIT,2025-03-31 22:23:19
78633,James Davis,"20 Maple Avenue, Waterford",PAYING,PAY CURR,2025-04-01 01:06:20
89612,Daniel Jones,"194 Cedar Lane, Cork",COLLECTIONS,CASSIST2,2025-04-01 02:46:56
19523,Michael Wilson,"179 Elm Street, Sligo",SETTLED,SETTLED,2025-04-01 03:09:18
46494,Laura Johnson,"178 Cedar Lane, Sligo",COLLECTIONS,PAY OVER,2025-04-01 03:09:38
88706,Laura Williams,"49 Elm Street, Kilkenny",COLLECTIONS,CANCEL4,2025-04-01 04:49:19
14117,Sophia Jones,"44 Cedar Lane, Dublin",SETTLED,SETTLED,2025-04-01 08:19:06
52697,Sarah Davis,"39 Hillcrest Road, Sligo",TRACE,GONEAWAY,2025-04-01 16:28:04
47933,Emma Brown,"79 Elm Street, Kilkenny",INSOLVENCY,INS4,2025-04-01 17:15:35
21489,Daniel Jones,"50 Riverside Drive, Galway",LEGAL,LEG_TIT,2025-04-01 20:52:41
94956,Alex Jones,"144 Riverside Drive, Limerick",PAYING,PAY CURR,2025-04-01 22:10:48
15248,Maria Martinez,"86 Elm Street, Belfast",PAYING,PAY PROP,2025-04-01 22:39:12
93774,James Jones,"97 Elm Street, Waterford",OTHER,ARCHIVED,2025-04-02 03:36:37
40659,Sophia Rodriguez,"173 Sunset Boulevard, Kilkenny",PAYING,PAY PROP,2025-04-02 04:46:02
63285,Sarah Williams,"159 Oak Street, Cork",PAYING,PAY CURR,2025-04-02 13:25:40
63368,John Johnson,"56 Elm Street, Limerick",SETTLED,SETTLED,2025-04-02 13:29:25
83776,Maria Smith,"105 Pine Road, Kilkenny",COLLECTIONS,PRIME,2025-04-02 13:43:28
84211,John Garcia,"23 Maple Avenue, Dublin",COLLECTIONS,PRIME,2025-04-02 15:29:05
27497,John Garcia,"165 Maple Avenue, Limerick",LEGAL,LEG VERIF 1,2025-04-02 15:42:03
59502,Emma Garcia,"105 Hillcrest Road, Cork",TRACE,GONEAWAY,2025-04-02 20:05:26
48880,Alex Martinez,"85 Pine Road, Kilkenny",TRACE,GONEAWAY,2025-04-03 16:52:25
94956,Alex Jones,"144 Riverside Drive, Limerick",COLLECTIONS,TELSOLUTIONS4,2025-04-03 20:18:16
86693,James Jones,"164 Cedar Lane, Kilkenny",TRACE,GONEAWAY,2025-04-03 23:16:28
63538,Alex Brown,"134 Hillcrest Road, Cork",SETTLED,SETTLED,2025-04-04 00:42:16
57663,John Johnson,"101 Oak Street, Belfast",PAYING,PAY PROP,2025-04-04 11:27:59
27482,Sophia Smith,"93 Elm Street, Dublin",COLLECTIONS,CANCEL4,2025-04-04 14:43:51
37628,Maria Johnson,"30 Pine Road, Cork",OTHER,ARCHIVED,2025-04-04 15:41:53
34223,Sophia Davis,"55 Riverside Drive, Belfast",INSOLVENCY,INS3,2025-04-04 21:54:24
95948,James Davis,"45 Riverside Drive, Cork",INSOLVENCY,INS4,2025-04-04 23:42:39
84211,John Garcia,"23 Maple Avenue, Dublin",TRACE,GONEAWAY,2025-04-05 03:11:28
57663,John Johnson,"101 Oak Street, Belfast",INSOLVENCY,INS2,2025-04-05 05:46:13
21698,Emma Miller,"48 Cedar Lane, Dublin",TRACE,GONEAWAY,2025-04-05 07:26:08
31527,Sarah Garcia,"145 Oak Street, Kilkenny",TRACE,GONEAWAY,2025-04-05 10:36:51
21707,Michael Rodriguez,"81 Pine Road, Dublin",OTHER,ARCHIVED,2025-04-05 15:15:24
49999,James Miller,"47 Riverside Drive, Limerick",SETTLED,SETTLED,2025-04-05 18:48:15
44060,Sarah Davis,"151 Cedar Lane, Kilkenny",INSOLVENCY,INS1,2025-04-05 18:51:15
94193,David Rodriguez,"28 Cedar Lane, Sligo",INSOLVENCY,INS1,2025-04-06 01:28:36
22367,Maria Martinez,"51 Elm Street, Dublin",OTHER,ARCHIVED,2025-04-06 03:34:42
16628,Sarah Rodriguez,"164 Pine Road, Galway",INSOLVENCY,INS2,2025-04-06 04:20:07
87921,Alex Brown,"3 Hillcrest Road, Galway",COLLECTIONS,PAY OVER,2025-04-06 06:32:26
40540,Daniel Martinez,"168 Pine Road, Cork",TRACE,GONEAWAY,2025-04-06 10:06:48
13356,James Jones,"85 Cedar Lane, Cork",OTHER,ARCHIVED,2025-04-06 10:42:02
71242,James Davis,"9 Hillcrest Road, Kilkenny",PAYING,PAY CURR,2025-04-06 11:44:22
25633,Daniel Williams,"32 Sunset Boulevard, Sligo",COLLECTIONS,CASSIST2,2025-04-06 13:56:26
39966,Alex Johnson,"2 Riverside Drive, Limerick",OTHER,ARCHIVED,2025-04-06 16:17:02
65559,Sophia Miller,"7 Maple Avenue, Kilkenny",INSOLVENCY,INSP,2025-04-06 23:55:59
59399,Michael Jones,"5 Hillcrest Road, Kilkenny",COLLECTIONS,TELSOLUTIONS1,2025-04-07 00:29:32
41546,David Williams,"178 Sunset Boulevard, Cork",OTHER,ARCHIVED,2025-04-07 00:45:16
40659,Sophia Rodriguez,"173 Sunset Boulevard, Kilkenny",LEGAL,HOLD FO,2025-04-07 04:28:27
77426,Alex Miller,"136 Elm Street, Dublin",TRACE,GONEAWAY,2025-04-07 05:55:11
20457,Maria Jones,"172 Elm Street, Sligo",OTHER,ARCHIVED,2025-04-07 06:38:25
36291,David Davis,"39 Elm Street, Dublin",TRACE,GONEAWAY,2025-04-07 07:39:53
95230,Sophia Rodriguez,"48 Sunset Boulevard, Limerick",PAYING,PAY CURR,2025-04-07 07:52:52
91331,Olivia Rodriguez,"24 Cedar Lane, Dublin",INSOLVENCY,INS1,2025-04-07 08:45:43
72758,Emma Brown,"197 Oak Street, Dublin",TRACE,GONEAWAY,2025-04-07 10:06:15
68861,Emma Rodriguez,"115 Sunset Boulevard, Cork",LEGAL,LEG VERIF 2,2025-04-07 13:19:11
31658,Alex Wilson,"73 Riverside Drive, Cork",INSOLVENCY,INS1,2025-04-07 14:55:19
89082,Michael Smith,"188 Hillcrest Road, Belfast",TRACE,GONEAWAY,2025-04-07 16:12:06
36459,Sarah Williams,"52 Oak Street, Belfast",PAYING,PAY CURR,2025-04-07 16:15:24
47103,Daniel Davis,"33 Pine Road, Sligo",PAYING,PAY PROP,2025-04-07 18:38:12
78633,James Davis,"20 Maple Avenue, Waterford",TRACE,GONEAWAY,2025-04-08 00:14:19
68484,Michael Wilson,"53 Elm Street, Kilkenny",INSOLVENCY,INSP,2025-04-08 07:32:23
51246,Sarah Williams,"142 Oak Street, Limerick",LEGAL,LEG_TIT,2025-04-08 07:49:50
48388,Alex Smith,"63 Hillcrest Road, Limerick",COLLECTIONS,TELSOLUTIONS4,2025-04-08 08:53:41
73634,Daniel Johnson,"43 Hillcrest Road, Waterford",COLLECTIONS,TELSOLUTIONS4,2025-04-08 10:19:23
55044,Emma Wilson,"74 Riverside Drive, Galway",INSOLVENCY,INS4,2025-04-08 12:24:58
44502,Maria Williams,"27 Elm Street, Kilkenny",LEGAL,LEG VERIF 1,2025-04-08 13:55:02
13989,Sophia Rodriguez,"95 Cedar Lane, Dublin",COLLECTIONS,PAY OVER,2025-04-08 14:18:06
17670,Daniel Smith,"186 Hillcrest Road, Cork",OTHER,ARCHIVED,2025-04-08 15:05:35
39643,Emma Davis,"33 Elm Street, Cork",OTHER,ARCHIVED,2025-04-08 16:45:58
54718,Emma Davis,"115 Oak Street, Sligo",COLLECTIONS,CANCEL4,2025-04-08 16:54:54
20233,Michael Davis,"60 Riverside Drive, Belfast",COLLECTIONS,PRIME_D,2025-04-08 17:55:05
86086,Laura Garcia,"68 Pine Road, Sligo",LEGAL,HOLD FO,2025-04-08 19:01:35
29836,John Johnson,"74 Sunset Boulevard, Waterford",TRACE,GONEAWAY,2025-04-08 19:47:47
38621,John Wilson,"37 Maple Avenue, Dublin",TRACE,GONEAWAY,2025-04-08 21:29:55
66755,Laura Martinez,"93 Elm Street, Sligo",TRACE,GONEAWAY,2025-04-08 22:48:23
29593,Laura Jones,"9 Cedar Lane, Dublin",INSOLVENCY,INSP,2025-04-09 01:29:58
47984,Sarah Brown,"111 Riverside Drive, Kilkenny",PAYING,PAY PROP,2025-04-09 03:22:56
57791,James Miller,"118 Hillcrest Road, Sligo",TRACE,GONEAWAY,2025-04-09 06:39:59
54341,Michael Davis,"164 Maple Avenue, Belfast",PAYING,PAY PROP,2025-04-09 06:48:53
17232,Laura Wilson,"71 Cedar Lane, Waterford",TRACE,GONEAWAY,2025-04-09 08:28:49
60001,Alex Brown,"57 Cedar Lane, Kilkenny",TRACE,GONEAWAY,2025-04-09 08:57:43
61934,Sarah Johnson,"36 Maple Avenue, Cork",INSOLVENCY,INS2,2025-04-09 16:20:11
42371,David Williams,"102 Elm Street, Belfast",SETTLED,SETTLED,2025-04-09 16:55:45
62692,Maria Miller,"186 Maple Avenue, Sligo",COLLECTIONS,TELSOLUTIONS4,2025-04-09 17:08:12
23982,James Jones,"81 Pine Road, Kilkenny",LEGAL,HOLD FO,2025-04-09 17:45:35
74428,Laura Martinez,"15 Cedar Lane, Kilkenny",PAYING,PAY CURR,2025-04-09 19:07:17
46986,James Martinez,"81 Hillcrest Road, Belfast",TRACE,GONEAWAY,2025-04-09 22:30:09
27543,John Jones,"90 Elm Street, Kilkenny",PAYING,PAY CURR,2025-04-09 22:32:36
52017,Maria Wilson,"152 Riverside Drive, Sligo",OTHER,ARCHIVED,2025-04-12 00:40:03
52436,Michael Rodriguez,"82 Elm Street, Waterford",SETTLED,SETTLED,2025-04-12 03:59:16
95157,Emma Jones,"67 Elm Street, Galway",TRACE,GONEAWAY,2025-04-12 05:40:48
10869,John Williams,"5 Hillcrest Road, Dublin",COLLECTIONS,PRIME_D,2025-04-12 07:55:01
29593,Laura Jones,"9 Cedar Lane, Dublin",COLLECTIONS,PRIME_D,2025-04-12 14:23:21
42371,David Williams,"102 Elm Street, Belfast",SETTLED,SETTLED,2025-04-12 14:44:00
73980,Laura Martinez,"92 Cedar Lane, Limerick",SETTLED,SETTLED,2025-04-12 18:33:29
42494,Olivia Rodriguez,"146 Pine Road, Waterford",LEGAL,HOLD FO,2025-04-12 18:40:32
78987,Maria Smith,"55 Oak Street, Limerick",PAYING,PAY PROP,2025-04-12 20:32:30
37628,Maria Johnson,"30 Pine Road, Cork",COLLECTIONS,PRIME,2025-04-12 22:36:11
45495,Michael Smith,"140 Elm Street, Kilkenny",PAYING,PAY PROP,2025-04-13 03:01:12
60048,Sophia Williams,"132 Hillcrest Road, Waterford",TRACE,GONEAWAY,2025-04-13 03:21:04
16077,Alex Jones,"35 Riverside Drive, Waterford",COLLECTIONS,CANCEL4,2025-04-13 06:36:45
49823,Alex Jones,"1 Maple Avenue, Belfast",TRACE,GONEAWAY,2025-04-13 07:12:18
98172,Emma Williams,"110 Cedar Lane, Limerick",PAYING,PAY PROP,2025-04-13 07:59:50
95157,Emma Jones,"67 Elm Street, Galway",COLLECTIONS,CASSIST2,2025-04-13 08:39:54
95599,Michael Wilson,"70 Maple Avenue, Sligo",COLLECTIONS,PRIME,2025-04-13 09:16:29
98298,Sarah Williams,"118 Elm Street, Cork",TRACE,GONEAWAY,2025-04-13 10:46:29
52087,Maria Brown,"120 Hillcrest Road, Belfast",OTHER,ARCHIVED,2025-04-13 14:51:17
62495,Olivia Miller,"154 Elm Street, Limerick",TRACE,GONEAWAY,2025-04-13 16:23:13
89178,Daniel Garcia,"76 Cedar Lane, Galway",LEGAL,LEG_NOT,2025-04-13 19:01:51
40079,Sarah Wilson,"112 Elm Street, Belfast",COLLECTIONS,CASSIST2,2025-04-13 20:09:49
15004,Sarah Martinez,"4 Hillcrest Road, Limerick",SETTLED,SETTLED,2025-04-13 20:35:52
71914,Daniel Johnson,"76 Riverside Drive, Belfast",OTHER,ARCHIVED,2025-04-13 23:40:04
26168,Maria Williams,"120 Cedar Lane, Belfast",INSOLVENCY,INS1,2025-04-14 17:24:37
66158,Emma Martinez,"99 Cedar Lane, Waterford",PAYING,PAY PROP,2025-04-15 01:22:11
92669,John Davis,"72 Pine Road, Kilkenny",SETTLED,SETTLED,2025-04-15 02:48:09
69313,Alex Davis,"143 Riverside Drive, Cork",PAYING,PAY CURR,2025-04-15 03:03:19
70629,Michael Rodriguez,"172 Oak Street, Belfast",INSOLVENCY,INSP,2025-04-15 04:13:35
30496,John Wilson,"28 Riverside Drive, Galway",LEGAL,LEG VERIF 2,2025-04-15 05:21:32
44476,David Martinez,"26 Cedar Lane, Cork",OTHER,ARCHIVED,2025-04-15 05:44:22
19372,Michael Johnson,"33 Maple Avenue, Belfast",LEGAL,HOLD FO,2025-04-15 10:04:38
44502,Maria Williams,"27 Elm Street, Kilkenny",SETTLED,SETTLED,2025-04-15 11:00:15
13484,Maria Davis,"129 Cedar Lane, Galway",INSOLVENCY,INS3,2025-04-15 11:22:50
37798,Sarah Wilson,"54 Elm Street, Cork",COLLECTIONS,TELSOLUTIONS1,2025-04-15 12:58:20
44289,Michael Miller,"68 Riverside Drive, Galway",INSOLVENCY,INS2,2025-04-15 13:13:33
54549,Olivia Miller,"41 Hillcrest Road, Kilkenny",INSOLVENCY,INSP,2025-04-15 13:47:00
17821,Daniel Williams,"88 Cedar Lane, Limerick",OTHER,ARCHIVED,2025-04-15 15:09:25
14184,Olivia Jones,"24 Oak Street, Dublin",TRACE,GONEAWAY,2025-04-15 16:43:01
47532,Sophia Jones,"89 Riverside Drive, Sligo",SETTLED,SETTLED,2025-04-15 17:36:19
69791,Michael Rodriguez,"160 Maple Avenue, Belfast",PAYING,PAY CURR,2025-04-15 19:22:51
62836,Sarah Brown,"85 Pine Road, Sligo",SETTLED,SETTLED,2025-04-15 19:44:31
35504,Daniel Garcia,"53 Cedar Lane, Kilkenny",OTHER,ARCHIVED,2025-04-15 20:59:04
40198,Alex Williams,"6 Maple Avenue, Kilkenny",LEGAL,HOLD FO,2025-04-15 23:22:49
15248,Maria Martinez,"86 Elm Street, Belfast",COLLECTIONS,PAY OVER,2025-04-16 21:15:41
77917,Laura Miller,"68 Hillcrest Road, Sligo",INSOLVENCY,INS3,2025-04-17 00:20:01
18486,Olivia Rodriguez,"20 Oak Street, Dublin",LEGAL,HOLD FO,2025-04-17 00:53:58
69313,Alex Davis,"143 Riverside Drive, Cork",SETTLED,SETTLED,2025-04-17 02:54:36
37628,Maria Johnson,"30 Pine Road, Cork",LEGAL,HOLD FO,2025-04-17 03:11:31
94956,Alex Jones,"144 Riverside Drive, Limerick",INSOLVENCY,INSP,2025-04-17 03:33:09
78633,James Davis,"20 Maple Avenue, Waterford",LEGAL,HOLD FO,2025-04-17 04:01:59
88716,Emma Rodriguez,"113 Cedar Lane, Galway",SETTLED,SETTLED,2025-04-17 04:20:13
52087,Maria Brown,"120 Hillcrest Road, Belfast",PAYING,PAY PROP,2025-04-17 05:17:36
18838,Alex Martinez,"163 Elm Street, Limerick",COLLECTIONS,PAY OVER,2025-04-17 05:51:11
66755,Laura Martinez,"93 Elm Street, Sligo",COLLECTIONS,PRIME_D,2025-04-17 08:03:13
23382,David Garcia,"142 Hillcrest Road, Galway",SETTLED,SETTLED,2025-04-17 09:53:44
25000,Maria Martinez,"48 Elm Street, Galway",LEGAL,LEG_NOT,2025-04-17 10:03:03
90467,Laura Williams,"8 Maple Avenue, Galway",COLLECTIONS,PRIME_D,2025-04-17 10:43:29
16198,Laura Williams,"167 Elm Street, Limerick",LEGAL,LEG_NOT,2025-04-17 12:43:56
28382,Daniel Miller,"64 Maple Avenue, Kilkenny",LEGAL,LEG_NOT,2025-04-17 17:10:55
55992,John Miller,"18 Sunset Boulevard, Galway",LEGAL,LEG VERIF 2,2025-04-17 19:30:54
39175,Laura Wilson,"123 Elm Street, Kilkenny",SETTLED,SETTLED,2025-04-17 20:12:22
17948,Alex Martinez,"128 Riverside Drive, Kilkenny",PAYING,PAY CURR,2025-04-17 22:09:12
17821,Daniel Williams,"88 Cedar Lane, Limerick",OTHER,ARCHIVED,2025-04-17 23:41:16
52087,Maria Brown,"120 Hillcrest Road, Belfast",LEGAL,LEG_NOT,2025-04-18 04:11:36
19523,Michael Wilson,"179 Elm Street, Sligo",PAYING,PAY CURR,2025-04-18 14:51:47
93890,Maria Smith,"163 Riverside Drive, Cork",INSOLVENCY,INS2,2025-04-18 19:44:13
82095,Sophia Johnson,"114 Riverside Drive, Galway",PAYING,PAY CURR,2025-04-21 02:22:32
46588,Laura Miller,"68 Cedar Lane, Dublin",PAYING,PAY CURR,2025-04-21 09:57:42
57819,John Garcia,"141 Elm Street, Sligo",INSOLVENCY,INSP,2025-04-21 10:31:31
90213,Laura Smith,"33 Riverside Drive, Kilkenny",LEGAL,HOLD FO,2025-04-21 11:17:19
70180,Michael Garcia,"19 Oak Street, Galway",COLLECTIONS,CANCEL2,2025-04-21 12:57:56
39453,James Smith,"166 Cedar Lane, Limerick",LEGAL,LEG VERIF 2,2025-04-21 13:02:29
40079,Sarah Wilson,"112 Elm Street, Belfast",TRACE,GONEAWAY,2025-04-21 14:37:18
77145,Michael Williams,"7 Cedar Lane, Cork",COLLECTIONS,CANCEL2,2025-04-21 15:09:19
85466,David Williams,"131 Cedar Lane, Dublin",SETTLED,SETTLED,2025-04-21 20:54:45
29836,John Johnson,"74 Sunset Boulevard, Waterford",OTHER,ARCHIVED,2025-04-21 23:41:41
82324,David Smith,"60 Maple Avenue, Limerick",LEGAL,LEG VERIF 2,2025-04-22 01:25:21
62106,Laura Brown,"183 Riverside Drive, Galway",OTHER,ARCHIVED,2025-04-22 01:55:36
44289,Michael Miller,"68 Riverside Drive, Galway",COLLECTIONS,PAY OVER,2025-04-22 08:31:36
17993,Alex Smith,"170 Sunset Boulevard, Belfast",INSOLVENCY,INS2,2025-04-22 08:41:44
86013,Daniel Smith,"124 Sunset Boulevard, Belfast",OTHER,ARCHIVED,2025-04-22 11:39:10
62377,Olivia Brown,"156 Pine Road, Sligo",INSOLVENCY,INS1,2025-04-22 12:54:11
48606,John Martinez,"33 Elm Street, Waterford",SETTLED,SETTLED,2025-04-22 14:36:08
17948,Alex Martinez,"128 Riverside Drive, Kilkenny",LEGAL,LEG_NOT,2025-04-22 15:32:56
78528,Laura Rodriguez,"120 Pine Road, Belfast",LEGAL,LEG VERIF 2,2025-04-22 16:53:41
58984,Daniel Brown,"123 Pine Road, Cork",INSOLVENCY,INSP,2025-04-22 18:01:04
58473,Sophia Brown,"162 Elm Street, Galway",PAYING,PAY PROP,2025-04-22 19:52:47
55200,Maria Johnson,"134 Elm Street, Galway",COLLECTIONS,CANCEL2,2025-04-22 22:45:55
31463,Sarah Garcia,"113 Hillcrest Road, Galway",OTHER,ARCHIVED,2025-04-22 22:50:59
45393,Emma Wilson,"84 Sunset Boulevard, Galway",SETTLED,SETTLED,2025-04-22 23:01:22
87813,Olivia Johnson,"55 Hillcrest Road, Galway",OTHER,ARCHIVED,2025-04-22 23:03:47
77013,Emma Garcia,"137 Sunset Boulevard, Waterford",INSOLVENCY,INS4,2025-04-23 00:12:59
26742,Laura Miller,"18 Maple Avenue, Waterford",LEGAL,LEG_NOT,2025-04-23 03:09:24
82324,David Smith,"60 Maple Avenue, Limerick",LEGAL,LEG_TIT,2025-04-23 07:01:50
14006,James Johnson,"124 Maple Avenue, Galway",PAYING,PAY PROP,2025-04-23 10:25:51
97132,Sophia Jones,"183 Oak Street, Belfast",LEGAL,LEG_TIT,2025-04-23 10:52:05
39966,Alex Johnson,"2 Riverside Drive, Limerick",PAYING,PAY CURR,2025-04-23 11:24:33
13883,David Smith,"74 Sunset Boulevard, Cork",LEGAL,LEG_TIT,2025-04-23 22:12:06
82324,David Smith,"60 Maple Avenue, Limerick",LEGAL,LEG_NOT,2025-04-24 01:13:15
22047,James Jones,"37 Sunset Boulevard, Belfast",COLLECTIONS,CANCEL2,2025-04-24 11:10:35
61550,Maria Brown,"98 Riverside Drive, Galway",PAYING,PAY CURR,2025-04-24 11:50:19
70629,Michael Rodriguez,"172 Oak Street, Belfast",SETTLED,SETTLED,2025-04-24 17:36:58
60199,Sophia Brown,"114 Sunset Boulevard, Limerick",INSOLVENCY,INS1,2025-04-25 00:01:30
15757,Sophia Williams,"79 Sunset Boulevard, Dublin",SETTLED,SETTLED,2025-04-25 00:42:26
98794,Sarah Martinez,"10 Maple Avenue, Cork",OTHER,ARCHIVED,2025-04-25 05:18:51
42252,Sophia Johnson,"150 Sunset Boulevard, Kilkenny",COLLECTIONS,PRIME,2025-04-25 05:47:52
37988,Olivia Martinez,"80 Sunset Boulevard, Belfast",INSOLVENCY,INS2,2025-04-25 09:18:22
87432,John Martinez,"107 Pine Road, Dublin",SETTLED,SETTLED,2025-04-25 11:36:36
79279,James Martinez,"190 Oak Street, Galway",OTHER,ARCHIVED,2025-04-25 12:00:31
13356,James Jones,"85 Cedar Lane, Cork",COLLECTIONS,PAY OVER,2025-04-25 12:07:41
61582,David Garcia,"77 Riverside Drive, Belfast",TRACE,GONEAWAY,2025-04-25 13:25:17
32552,Sophia Smith,"145 Cedar Lane, Cork",INSOLVENCY,INSP,2025-04-25 13:59:41
39116,Olivia Johnson,"62 Oak Street, Cork",COLLECTIONS,PAY OVER,2025-04-25 14:04:50
75042,Sophia Jones,"52 Cedar Lane, Limerick",TRACE,GONEAWAY,2025-04-25 14:39:17
32252,Michael Brown,"111 Elm Street, Belfast",COLLECTIONS,PRIME_D,2025-04-25 15:16:51
11916,John Miller,"42 Cedar Lane, Kilkenny",SETTLED,SETTLED,2025-04-25 18:08:35
84211,John Garcia,"23 Maple Avenue, Dublin",PAYING,PAY PROP,2025-04-25 19:19:42
18838,Alex Martinez,"163 Elm Street, Limerick",TRACE,GONEAWAY,2025-04-26 01:07:55
32552,Sophia Smith,"145 Cedar Lane, Cork",INSOLVENCY,INSP,2025-04-26 03:17:06
46662,Michael Johnson,"87 Elm Street, Kilkenny",OTHER,ARCHIVED,2025-04-26 03:53:31
61708,John Davis,"142 Elm Street, Dublin",SETTLED,SETTLED,2025-04-26 04:02:12
66216,Sophia Smith,"182 Pine Road, Limerick",LEGAL,LEG VERIF 1,2025-04-26 05:35:38
98909,Michael Rodriguez,"83 Maple Avenue, Limerick",PAYING,PAY PROP,2025-04-26 05:52:01
55558,James Wilson,"110 Sunset Boulevard, Sligo",COLLECTIONS,PAY OVER,2025-04-26 07:12:18
85922,John Rodriguez,"94 Pine Road, Sligo",OTHER,ARCHIVED,2025-04-26 09:03:22
90725,David Williams,"35 Oak Street, Cork",LEGAL,LEG VERIF 1,2025-04-26 15:24:47
97280,Maria Wilson,"104 Oak Street, Galway",LEGAL,LEG VERIF 1,2025-04-26 16:53:24
98254,Sarah Rodriguez,"3 Pine Road, Sligo",INSOLVENCY,INS3,2025-04-26 19:16:01
98298,Sarah Williams,"118 Elm Street, Cork",TRACE,GONEAWAY,2025-04-26 19:32:26
14117,Sophia Jones,"44 Cedar Lane, Dublin",TRACE,GONEAWAY,2025-04-26 20:05:23
90869,David Jones,"143 Sunset Boulevard, Waterford",COLLECTIONS,TELSOLUTIONS4,2025-04-26 23:08:04
86086,Laura Garcia,"68 Pine Road, Sligo",INSOLVENCY,INSP,2025-04-27 00:28:04
91712,Maria Martinez,"181 Maple Avenue, Dublin",OTHER,ARCHIVED,2025-04-27 02:48:09
25073,John Davis,"156 Elm Street, Galway",COLLECTIONS,PAY OVER,2025-04-27 02:51:26
54765,Daniel Johnson,"88 Maple Avenue, Galway",LEGAL,LEG_TIT,2025-04-27 05:05:58
98794,Sarah Martinez,"10 Maple Avenue, Cork",LEGAL,LEG_TIT,2025-04-27 06:13:48
21707,Michael Rodriguez,"81 Pine Road, Dublin",SETTLED,SETTLED,2025-04-27 08:24:14
58244,Emma Wilson,"6 Hillcrest Road, Limerick",INSOLVENCY,INS4,2025-04-27 10:22:57
40540,Daniel Martinez,"168 Pine Road, Cork",COLLECTIONS,PAY OVER,2025-04-27 11:48:19
82007,Sarah Williams,"99 Oak Street, Cork",PAYING,PAY CURR,2025-04-27 11:49:50
52017,Maria Wilson,"152 Riverside Drive, Sligo",OTHER,ARCHIVED,2025-04-27 14:49:06
35504,Daniel Garcia,"53 Cedar Lane, Kilkenny",LEGAL,HOLD FO,2025-04-27 17:08:21
86013,Daniel Smith,"124 Sunset Boulevard, Belfast",SETTLED,SETTLED,2025-04-27 21:49:28
72838,Laura Martinez,"18 Elm Street, Waterford",INSOLVENCY,INS3,2025-04-27 22:56:08
35504,Daniel Garcia,"53 Cedar Lane, Kilkenny",PAYING,PAY CURR,2025-04-27 23:46:13
71914,Daniel Johnson,"76 Riverside Drive, Belfast",SETTLED,SETTLED,2025-04-28 03:27:05
41740,John Johnson,"78 Cedar Lane, Dublin",LEGAL,LEG_NOT,2025-04-28 03:33:29
97661,Laura Williams,"148 Oak Street, Limerick",LEGAL,LEG VERIF 2,2025-04-28 06:04:42
52436,Michael Rodriguez,"82 Elm Street, Waterford",PAYING,PAY PROP,2025-04-28 06:15:39
44289,Michael Miller,"68 Riverside Drive, Galway",OTHER,ARCHIVED,2025-04-28 08:24:53
27620,Daniel Wilson,"79 Sunset Boulevard, Sligo",SETTLED,SETTLED,2025-04-28 09:07:01
77013,Emma Garcia,"137 Sunset Boulevard, Waterford",INSOLVENCY,INS4,2025-04-28 09:24:49
93809,Sophia Brown,"68 Riverside Drive, Dublin",TRACE,GONEAWAY,2025-04-28 09:30:58
46992,James Williams,"15 Cedar Lane, Dublin",LEGAL,LEG VERIF 2,2025-04-28 10:52:08
67396,Maria Johnson,"32 Riverside Drive, Sligo",LEGAL,LEG VERIF 1,2025-04-28 11:04:29
69313,Alex Davis,"143 Riverside Drive, Cork",SETTLED,SETTLED,2025-04-28 14:17:04
77917,Laura Miller,"68 Hillcrest Road, Sligo",PAYING,PAY PROP,2025-04-28 15:08:25
95997,Michael Martinez,"118 Elm Street, Waterford",TRACE,GONEAWAY,2025-04-28 16:46:44
77395,Olivia Jones,"178 Riverside Drive, Kilkenny",SETTLED,SETTLED,2025-04-28 20:47:32
26168,Maria Williams,"120 Cedar Lane, Belfast",PAYING,PAY PROP,2025-04-28 23:10:08
23982,James Jones,"81 Pine Road, Kilkenny",PAYING,PAY CURR,2025-04-28 23:53:17
30531,Sarah Garcia,"107 Sunset Boulevard, Waterford",SETTLED,SETTLED,2025-04-29 00:42:35
62495,Olivia Miller,"154 Elm Street, Limerick",SETTLED,SETTLED,2025-04-29 01:14:55
93809,Sophia Brown,"68 Riverside Drive, Dublin",PAYING,PAY PROP,2025-04-29 01:55:45
96772,Laura Brown,"127 Oak Street, Dublin",SETTLED,SETTLED,2025-04-29 02:46:50
13206,Michael Brown,"71 Hillcrest Road, Sligo",TRACE,GONEAWAY,2025-04-29 03:07:11
17821,Daniel Williams,"88 Cedar Lane, Limerick",PAYING,PAY PROP,2025-04-29 03:20:20
90725,David Williams,"35 Oak Street, Cork",TRACE,GONEAWAY,2025-04-29 05:35:38
60840,James Miller,"74 Riverside Drive, Limerick",INSOLVENCY,INS3,2025-04-29 05:46:07
91712,Maria Martinez,"181 Maple Avenue, Dublin",OTHER,ARCHIVED,2025-04-29 06:32:55
54341,Michael Davis,"164 Maple Avenue, Belfast",LEGAL,LEG VERIF 1,2025-04-29 06:55:26
81634,David Jones,"195 Hillcrest Road, Dublin",INSOLVENCY,INS1,2025-04-29 08:34:51
47984,Sarah Brown,"111 Riverside Drive, Kilkenny",TRACE,GONEAWAY,2025-04-29 11:49:05
13206,Michael Brown,"71 Hillcrest Road, Sligo",OTHER,ARCHIVED,2025-04-29 12:43:13
34629,Alex Martinez,"67 Sunset Boulevard, Galway",PAYING,PAY CURR,2025-04-29 19:56:37
21489,Daniel Jones,"50 Riverside Drive, Galway",SETTLED,SETTLED,2025-04-29 20:26:18
71242,James Davis,"9 Hillcrest Road, Kilkenny",PAYING,PAY PROP,2025-04-30 03:12:15
90467,Laura Williams,"8 Maple Avenue, Galway",COLLECTIONS,CASSIST2,2025-04-30 03:12:46
77145,Michael Williams,"7 Cedar Lane, Cork",PAYING,PAY CURR,2025-04-30 07:16:14
15248,Maria Martinez,"86 Elm Street, Belfast",LEGAL,HOLD FO,2025-04-30 18:17:23
77426,Alex Miller,"136 Elm Street, Dublin",SETTLED,SETTLED,2025-04-30 18:46:24
32552,Sophia Smith,"145 Cedar Lane, Cork",OTHER,ARCHIVED,2025-04-30 19:08:08
31933,David Williams,"15 Elm Street, Cork",SETTLED,SETTLED,2025-04-30 20:42:48
23780,David Williams,"197 Hillcrest Road, Cork",TRACE,GONEAWAY,2025-04-30 23:05:18
86086,Laura Garcia,"68 Pine Road, Sligo",OTHER,ARCHIVED,2025-05-01 00:01:14
26514,Sophia Smith,"135 Sunset Boulevard, Limerick",SETTLED,SETTLED,2025-05-01 02:36:00
84455,Daniel Smith,"118 Maple Avenue, Galway",COLLECTIONS,CASSIST2,2025-05-01 03:28:53
59639,Emma Miller,"19 Riverside Drive, Dublin",OTHER,ARCHIVED,2025-05-01 11:12:04
30943,Sarah Brown,"85 Sunset Boulevard, Dublin",OTHER,ARCHIVED,2025-05-01 12:31:36
67396,Maria Johnson,"32 Riverside Drive, Sligo",PAYING,PAY CURR,2025-05-01 13:18:47
88706,Laura Williams,"49 Elm Street, Kilkenny",LEGAL,HOLD FO,2025-05-01 13:23:55
48880,Alex Martinez,"85 Pine Road, Kilkenny",SETTLED,SETTLED,2025-05-01 13:37:53
91435,David Smith,"2 Sunset Boulevard, Dublin",PAYING,PAY CURR,2025-05-01 15:36:56
81634,David Jones,"195 Hillcrest Road, Dublin",TRACE,GONEAWAY,2025-05-01 17:36:53
29593,Laura Jones,"9 Cedar Lane, Dublin",SETTLED,SETTLED,2025-05-01 19:49:49
71125,John Brown,"136 Maple Avenue, Kilkenny",PAYING,PAY PROP,2025-05-01 20:02:58
47532,Sophia Jones,"89 Riverside Drive, Sligo",SETTLED,SETTLED,2025-05-01 22:51:11
62106,Laura Brown,"183 Riverside Drive, Galway",TRACE,GONEAWAY,2025-05-02 02:41:32
48606,John Martinez,"33 Elm Street, Waterford",LEGAL,LEG_NOT,2025-05-02 09:16:32
34083,Michael Davis,"37 Hillcrest Road, Cork",TRACE,GONEAWAY,2025-05-02 11:43:29
54275,Alex Jones,"90 Oak Street, Sligo",SETTLED,SETTLED,2025-05-02 18:14:23
28382,Daniel Miller,"64 Maple Avenue, Kilkenny",SETTLED,SETTLED,2025-05-03 01:20:37
97918,Daniel Smith,"123 Riverside Drive, Sligo",LEGAL,LEG VERIF 2,2025-05-03 02:28:57
88716,Emma Rodriguez,"113 Cedar Lane, Galway",LEGAL,LEG VERIF 1,2025-05-03 03:11:04
82269,Maria Martinez,"175 Oak Street, Galway",COLLECTIONS,PRIME,2025-05-03 04:16:51
32998,James Wilson,"1 Elm Street, Galway",OTHER,ARCHIVED,2025-05-03 06:42:11
16198,Laura Williams,"167 Elm Street, Limerick",LEGAL,LEG VERIF 1,2025-05-03 09:34:41
97730,Olivia Smith,"186 Sunset Boulevard, Limerick",TRACE,GONEAWAY,2025-05-03 10:52:18
62595,Sarah Davis,"25 Pine Road, Sligo",COLLECTIONS,PRIME_D,2025-05-03 11:09:19
37988,Olivia Martinez,"80 Sunset Boulevard, Belfast",TRACE,GONEAWAY,2025-05-03 18:15:35
85241,Emma Brown,"57 Maple Avenue, Kilkenny",OTHER,ARCHIVED,2025-05-03 20:08:43
36313,David Smith,"102 Sunset Boulevard, Sligo",INSOLVENCY,INS4,2025-05-03 20:16:15
20457,Maria Jones,"172 Elm Street, Sligo",INSOLVENCY,INS4,2025-05-03 21:20:30
12247,Laura Smith,"200 Pine Road, Dublin",PAYING,PAY CURR,2025-05-03 21:20:48
52697,Sarah Davis,"39 Hillcrest Road, Sligo",COLLECTIONS,TELSOLUTIONS4,2025-05-03 22:23:16
11916,John Miller,"42 Cedar Lane, Kilkenny",OTHER,ARCHIVED,2025-05-04 02:01:31
55047,James Martinez,"78 Pine Road, Waterford",COLLECTIONS,CANCEL2,2025-05-04 03:49:57
46545,David Davis,"101 Sunset Boulevard, Waterford",INSOLVENCY,INS4,2025-05-04 04:54:14
88333,Olivia Brown,"145 Riverside Drive, Belfast",SETTLED,SETTLED,2025-05-04 05:58:54
10869,John Williams,"5 Hillcrest Road, Dublin",PAYING,PAY PROP,2025-05-04 06:32:49
80451,Sophia Wilson,"3 Hillcrest Road, Cork",LEGAL,HOLD FO,2025-05-04 06:38:20
47801,John Johnson,"44 Cedar Lane, Dublin",LEGAL,HOLD FO,2025-05-04 06:50:14
67504,Sophia Martinez,"130 Pine Road, Dublin",PAYING,PAY PROP,2025-05-04 10:16:44
95324,Emma Brown,"136 Cedar Lane, Sligo",OTHER,ARCHIVED,2025-05-04 11:32:30
70219,John Johnson,"59 Maple Avenue, Sligo",TRACE,GONEAWAY,2025-05-04 12:17:22
54765,Daniel Johnson,"88 Maple Avenue, Galway",TRACE,GONEAWAY,2025-05-04 13:04:52
44476,David Martinez,"26 Cedar Lane, Cork",TRACE,GONEAWAY,2025-05-04 14:30:09
48880,Alex Martinez,"85 Pine Road, Kilkenny",SETTLED,SETTLED,2025-05-04 15:46:08
41546,David Williams,"178 Sunset Boulevard, Cork",OTHER,ARCHIVED,2025-05-04 17:33:09
78528,Laura Rodriguez,"120 Pine Road, Belfast",COLLECTIONS,CASSIST2,2025-05-04 17:39:00
26514,Sophia Smith,"135 Sunset Boulevard, Limerick",COLLECTIONS,CASSIST2,2025-05-05 00:31:02
39629,Michael Jones,"178 Cedar Lane, Sligo",SETTLED,SETTLED,2025-05-05 02:59:21
54885,Olivia Williams,"53 Riverside Drive, Galway",PAYING,PAY PROP,2025-05-05 03:30:15
81675,Alex Smith,"53 Maple Avenue, Kilkenny",TRACE,GONEAWAY,2025-05-05 04:32:32
39643,Emma Davis,"33 Elm Street, Cork",COLLECTIONS,PRIME_D,2025-05-05 04:44:54
66755,Laura Martinez,"93 Elm Street, Sligo",INSOLVENCY,INS1,2025-05-05 04:53:44
34650,Daniel Miller,"37 Elm Street, Belfast",PAYING,PAY CURR,2025-05-05 06:15:27
74670,Laura Rodriguez,"189 Maple Avenue, Galway",LEGAL,LEG VERIF 2,2025-05-05 10:19:52
63368,John Johnson,"56 Elm Street, Limerick",COLLECTIONS,TELSOLUTIONS4,2025-05-05 13:20:10
72758,Emma Brown,"197 Oak Street, Dublin",INSOLVENCY,INSP,2025-05-05 13:37:59
45571,Emma Martinez,"93 Cedar Lane, Limerick",COLLECTIONS,CASSIST2,2025-05-05 14:11:53
40198,Alex Williams,"6 Maple Avenue, Kilkenny",TRACE,GONEAWAY,2025-05-05 16:09:25
66138,John Jones,"170 Hillcrest Road, Sligo",INSOLVENCY,INS3,2025-05-05 17:14:23
21415,David Jones,"172 Maple Avenue, Kilkenny",OTHER,ARCHIVED,2025-05-05 17:37:46
63285,Sarah Williams,"159 Oak Street, Cork",TRACE,GONEAWAY,2025-05-05 18:08:19
30746,Alex Miller,"32 Oak Street, Cork",PAYING,PAY CURR,2025-05-05 18:57:13
25633,Daniel Williams,"32 Sunset Boulevard, Sligo",LEGAL,LEG_TIT,2025-05-05 20:42:15
60001,Alex Brown,"57 Cedar Lane, Kilkenny",INSOLVENCY,INS3,2025-05-05 23:12:18
90540,Maria Brown,"8 Maple Avenue, Galway",PAYING,PAY PROP,2025-05-06 00:13:20
46992,James Williams,"15 Cedar Lane, Dublin",INSOLVENCY,INS4,2025-05-06 00:26:43
94606,Sophia Davis,"154 Elm Street, Waterford",COLLECTIONS,CANCEL2,2025-05-06 01:19:56
82526,John Davis,"136 Riverside Drive, Galway",LEGAL,HOLD FO,2025-05-06 03:59:46
66755,Laura Martinez,"93 Elm Street, Sligo",LEGAL,LEG_NOT,2025-05-06 04:19:30
31527,Sarah Garcia,"145 Oak Street, Kilkenny",OTHER,ARCHIVED,2025-05-06 06:06:54
94706,Alex Davis,"55 Elm Street, Galway",COLLECTIONS,CANCEL2,2025-05-06 10:30:52
91402,Alex Rodriguez,"161 Hillcrest Road, Dublin",PAYING,PAY PROP,2025-05-06 13:59:01
37781,David Wilson,"105 Riverside Drive, Belfast",OTHER,ARCHIVED,2025-05-06 14:25:26
77395,Olivia Jones,"178 Riverside Drive, Kilkenny",COLLECTIONS,PRIME,2025-05-06 16:36:01
53131,Emma Garcia,"41 Elm Street, Sligo",OTHER,ARCHIVED,2025-05-06 16:45:09
73332,Laura Miller,"138 Elm Street, Galway",OTHER,ARCHIVED,2025-05-06 23:53:03
47450,Olivia Smith,"2 Cedar Lane, Limerick",PAYING,PAY CURR,2025-05-07 11:03:31
28504,Maria Jones,"169 Oak Street, Sligo",PAYING,PAY CURR,2025-05-07 14:36:59
95232,John Rodriguez,"124 Sunset Boulevard, Limerick",PAYING,PAY PROP,2025-05-07 19:15:08
33687,Michael Wilson,"175 Pine Road, Belfast",OTHER,ARCHIVED,2025-05-07 22:04:22
10585,Michael Davis,"71 Riverside Drive, Belfast",COLLECTIONS,TELSOLUTIONS4,2025-05-08 05:34:16
18486,Olivia Rodriguez,"20 Oak Street, Dublin",COLLECTIONS,TELSOLUTIONS1,2025-05-08 10:56:21
88716,Emma Rodriguez,"113 Cedar Lane, Galway",LEGAL,LEG VERIF 2,2025-05-08 12:32:06
13484,Maria Davis,"129 Cedar Lane, Galway",COLLECTIONS,TELSOLUTIONS4,2025-05-08 13:08:53
89946,John Brown,"125 Maple Avenue, Cork",LEGAL,LEG VERIF 1,2025-05-08 13:24:37
91658,Olivia Davis,"106 Cedar Lane, Sligo",LEGAL,LEG_NOT,2025-05-08 14:19:32
39629,Michael Jones,"178 Cedar Lane, Sligo",PAYING,PAY CURR,2025-05-08 14:39:18
28442,Emma Rodriguez,"145 Elm Street, Dublin",COLLECTIONS,TELSOLUTIONS4,2025-05-08 21:36:40
32687,Michael Wilson,"97 Cedar Lane, Dublin",COLLECTIONS,TELSOLUTIONS4,2025-05-09 00:29:24
55200,Maria Johnson,"134 Elm Street, Galway",INSOLVENCY,INS4,2025-05-09 01:48:15
93496,Emma Miller,"55 Sunset Boulevard, Sligo",LEGAL,LEG VERIF 2,2025-05-09 02:44:03
26232,Daniel Davis,"106 Pine Road, Belfast",COLLECTIONS,CANCEL4,2025-05-09 03:50:27
52697,Sarah Davis,"39 Hillcrest Road, Sligo",COLLECTIONS,PRIME,2025-05-09 04:39:55
54549,Olivia Miller,"41 Hillcrest Road, Kilkenny",TRACE,GONEAWAY,2025-05-09 05:39:57
35227,Emma Brown,"44 Hillcrest Road, Sligo",INSOLVENCY,INS1,2025-05-09 07:05:00
45153,Sophia Davis,"16 Maple Avenue, Kilkenny",INSOLVENCY,INS3,2025-05-09 07:27:15
77262,Daniel Garcia,"46 Sunset Boulevard, Limerick",SETTLED,SETTLED,2025-05-09 08:27:42
97280,Maria Wilson,"104 Oak Street, Galway",OTHER,ARCHIVED,2025-05-09 09:54:55
70180,Michael Garcia,"19 Oak Street, Galway",COLLECTIONS,CANCEL4,2025-05-09 11:56:56
91402,Alex Rodriguez,"161 Hillcrest Road, Dublin",COLLECTIONS,CANCEL4,2025-05-09 15:16:47
26066,James Jones,"161 Pine Road, Waterford",TRACE,GONEAWAY,2025-05-09 15:17:39
84211,John Garcia,"23 Maple Avenue, Dublin",COLLECTIONS,CANCEL2,2025-05-09 18:21:19
39313,John Jones,"90 Riverside Drive, Waterford",COLLECTIONS,TELSOLUTIONS1,2025-05-09 19:59:07
14961,John Davis,"179 Riverside Drive, Dublin",SETTLED,SETTLED,2025-05-09 20:06:01
43314,Michael Miller,"13 Elm Street, Belfast",LEGAL,LEG_NOT,2025-05-09 21:42:45
20507,Olivia Rodriguez,"17 Maple Avenue, Dublin",TRACE,GONEAWAY,2025-05-09 21:44:43
92829,Michael Jones,"2 Sunset Boulevard, Kilkenny",OTHER,ARCHIVED,2025-05-10 03:58:36
26232,Daniel Davis,"106 Pine Road, Belfast",SETTLED,SETTLED,2025-05-10 05:34:45
30496,John Wilson,"28 Riverside Drive, Galway",LEGAL,LEG_NOT,2025-05-10 07:53:43
13484,Maria Davis,"129 Cedar Lane, Galway",COLLECTIONS,CANCEL4,2025-05-10 08:50:54
53016,Laura Johnson,"197 Oak Street, Belfast",PAYING,PAY PROP,2025-05-10 15:03:38
67687,Maria Martinez,"196 Riverside Drive, Belfast",OTHER,ARCHIVED,2025-05-10 20:23:04
26066,James Jones,"161 Pine Road, Waterford",INSOLVENCY,INS3,2025-05-10 22:25:54
21489,Daniel Jones,"50 Riverside Drive, Galway",TRACE,GONEAWAY,2025-05-11 08:24:26
20307,James Williams,"149 Riverside Drive, Limerick",COLLECTIONS,PRIME,2025-05-11 09:22:57
98849,Laura Wilson,"152 Oak Street, Cork",OTHER,ARCHIVED,2025-05-11 11:38:43
29600,Daniel Martinez,"184 Elm Street, Limerick",SETTLED,SETTLED,2025-05-11 11:49:27
74428,Laura Martinez,"15 Cedar Lane, Kilkenny",INSOLVENCY,INS4,2025-05-11 12:08:41
15004,Sarah Martinez,"4 Hillcrest Road, Limerick",OTHER,ARCHIVED,2025-05-11 12:51:40
39175,Laura Wilson,"123 Elm Street, Kilkenny",TRACE,GONEAWAY,2025-05-11 17:27:05
70219,John Johnson,"59 Maple Avenue, Sligo",COLLECTIONS,CASSIST2,2025-05-11 17:51:19
77426,Alex Miller,"136 Elm Street, Dublin",OTHER,ARCHIVED,2025-05-11 19:10:25
57417,Daniel Smith,"175 Hillcrest Road, Limerick",COLLECTIONS,CANCEL2,2025-05-11 22:09:19
82324,David Smith,"60 Maple Avenue, Limerick",SETTLED,SETTLED,2025-05-11 22:49:07
29836,John Johnson,"74 Sunset Boulevard, Waterford",PAYING,PAY PROP,2025-05-12 02:58:04
72838,Laura Martinez,"18 Elm Street, Waterford",PAYING,PAY CURR,2025-05-12 04:15:20
30746,Alex Miller,"32 Oak Street, Cork",COLLECTIONS,PRIME,2025-05-12 08:28:30
88213,David Williams,"8 Pine Road, Kilkenny",OTHER,ARCHIVED,2025-05-12 09:29:27
57074,James Jones,"76 Sunset Boulevard, Dublin",SETTLED,SETTLED,2025-05-12 09:31:31
59940,James Smith,"74 Elm Street, Kilkenny",LEGAL,LEG_TIT,2025-05-12 12:43:58
19675,James Davis,"154 Hillcrest Road, Dublin",SETTLED,SETTLED,2025-05-12 17:43:17
88333,Olivia Brown,"145 Riverside Drive, Belfast",SETTLED,SETTLED,2025-05-12 17:57:08
88716,Emma Rodriguez,"113 Cedar Lane, Galway",COLLECTIONS,TELSOLUTIONS1,2025-05-12 18:07:47
32687,Michael Wilson,"97 Cedar Lane, Dublin",TRACE,GONEAWAY,2025-05-13 16:31:38
67687,Maria Martinez,"196 Riverside Drive, Belfast",COLLECTIONS,CANCEL4,2025-05-13 21:34:47
58473,Sophia Brown,"162 Elm Street, Galway",COLLECTIONS,TELSOLUTIONS1,2025-05-14 02:14:08
13989,Sophia Rodriguez,"95 Cedar Lane, Dublin",PAYING,PAY CURR,2025-05-14 05:46:09
76500,John Garcia,"176 Sunset Boulevard, Cork",LEGAL,LEG_TIT,2025-05-14 05:49:52
40733,Daniel Miller,"77 Cedar Lane, Belfast",COLLECTIONS,CANCEL2,2025-05-14 07:37:41
74428,Laura Martinez,"15 Cedar Lane, Kilkenny",COLLECTIONS,PAY OVER,2025-05-14 07:56:55
59502,Emma Garcia,"105 Hillcrest Road, Cork",TRACE,GONEAWAY,2025-05-14 08:22:07
64246,Laura Smith,"182 Riverside Drive, Galway",SETTLED,SETTLED,2025-05-14 13:40:59
15757,Sophia Williams,"79 Sunset Boulevard, Dublin",TRACE,GONEAWAY,2025-05-14 15:05:57
96772,Laura Brown,"127 Oak Street, Dublin",LEGAL,LEG VERIF 1,2025-05-14 16:23:04
39643,Emma Davis,"33 Elm Street, Cork",INSOLVENCY,INS2,2025-05-14 16:51:25
95274,Laura Jones,"120 Maple Avenue, Kilkenny",SETTLED,SETTLED,2025-05-14 17:02:55
91099,John Brown,"171 Elm Street, Belfast",TRACE,GONEAWAY,2025-05-14 18:10:25
40987,Sophia Martinez,"72 Pine Road, Cork",OTHER,ARCHIVED,2025-05-14 18:30:43
24213,Alex Williams,"139 Elm Street, Belfast",TRACE,GONEAWAY,2025-05-14 20:46:17
59639,Emma Miller,"19 Riverside Drive, Dublin",SETTLED,SETTLED,2025-05-14 23:34:12
48786,Sophia Martinez,"56 Hillcrest Road, Dublin",OTHER,ARCHIVED,2025-05-14 23:50:27
38899,Laura Smith,"119 Sunset Boulevard, Waterford",SETTLED,SETTLED,2025-05-15 00:42:13
35919,Olivia Rodriguez,"168 Elm Street, Belfast",PAYING,PAY PROP,2025-05-15 05:05:32
66755,Laura Martinez,"93 Elm Street, Sligo",TRACE,GONEAWAY,2025-05-15 09:15:49
66787,Alex Rodriguez,"26 Elm Street, Sligo",OTHER,ARCHIVED,2025-05-15 09:30:00
63848,Emma Williams,"57 Oak Street, Limerick",LEGAL,LEG_TIT,2025-05-15 10:20:57
43882,David Smith,"20 Sunset Boulevard, Belfast",SETTLED,SETTLED,2025-05-15 11:02:26
46545,David Davis,"101 Sunset Boulevard, Waterford",OTHER,ARCHIVED,2025-05-15 11:46:41
46545,David Davis,"101 Sunset Boulevard, Waterford",SETTLED,SETTLED,2025-05-15 13:00:57
35227,Emma Brown,"44 Hillcrest Road, Sligo",LEGAL,LEG_TIT,2025-05-15 13:50:02
52137,David Brown,"158 Cedar Lane, Sligo",COLLECTIONS,PRIME,2025-05-15 14:46:50
57417,Daniel Smith,"175 Hillcrest Road, Limerick",SETTLED,SETTLED,2025-05-15 16:43:55
59940,James Smith,"74 Elm Street, Kilkenny",LEGAL,LEG_TIT,2025-05-15 17:26:11
87394,Daniel Smith,"142 Sunset Boulevard, Waterford",OTHER,ARCHIVED,2025-05-15 18:05:26
96772,Laura Brown,"127 Oak Street, Dublin",INSOLVENCY,INS2,2025-05-15 18:21:13
91001,Maria Martinez,"127 Maple Avenue, Waterford",OTHER,ARCHIVED,2025-05-15 22:36:04
69791,Michael Rodriguez,"160 Maple Avenue, Belfast",TRACE,GONEAWAY,2025-05-15 23:49:13
34108,Laura Jones,"183 Pine Road, Galway",TRACE,GONEAWAY,2025-05-16 05:47:19
27800,Olivia Davis,"28 Sunset Boulevard, Waterford",INSOLVENCY,INS4,2025-05-16 06:22:06
79521,Sophia Jones,"196 Sunset Boulevard, Cork",COLLECTIONS,PRIME_D,2025-05-16 07:18:45
77395,Olivia Jones,"178 Riverside Drive, Kilkenny",PAYING,PAY PROP,2025-05-16 07:40:27
20307,James Williams,"149 Riverside Drive, Limerick",COLLECTIONS,PAY OVER,2025-05-16 14:53:54
10585,Michael Davis,"71 Riverside Drive, Belfast",SETTLED,SETTLED,2025-05-17 01:53:30
45571,Emma Martinez,"93 Cedar Lane, Limerick",TRACE,GONEAWAY,2025-05-17 04:28:33
28442,Emma Rodriguez,"145 Elm Street, Dublin",COLLECTIONS,CASSIST2,2025-05-17 04:39:32
18838,Alex Martinez,"163 Elm Street, Limerick",COLLECTIONS,TELSOLUTIONS1,2025-05-17 09:01:23
61550,Maria Brown,"98 Riverside Drive, Galway",OTHER,ARCHIVED,2025-05-17 09:41:40
35919,Olivia Rodriguez,"168 Elm Street, Belfast",TRACE,GONEAWAY,2025-05-17 11:42:00
53131,Emma Garcia,"41 Elm Street, Sligo",INSOLVENCY,INS3,2025-05-17 17:11:11
73980,Laura Martinez,"92 Cedar Lane, Limerick",COLLECTIONS,TELSOLUTIONS4,2025-05-17 18:46:31
73980,Laura Martinez,"92 Cedar Lane, Limerick",SETTLED,SETTLED,2025-05-17 18:57:23
19413,Sophia Jones,"52 Sunset Boulevard, Limerick",TRACE,GONEAWAY,2025-05-17 23:21:19
63848,Emma Williams,"57 Oak Street, Limerick",LEGAL,LEG VERIF 1,2025-05-18 09:13:55
83785,Sophia Martinez,"141 Hillcrest Road, Cork",SETTLED,SETTLED,2025-05-19 17:34:37
36810,Maria Martinez,"81 Riverside Drive, Belfast",COLLECTIONS,CASSIST2,2025-05-20 04:03:49
91435,David Smith,"2 Sunset Boulevard, Dublin",PAYING,PAY PROP,2025-05-20 06:30:29
51089,Laura Garcia,"41 Maple Avenue, Galway",TRACE,GONEAWAY,2025-05-20 08:39:15
38921,David Rodriguez,"132 Pine Road, Belfast",INSOLVENCY,INSP,2025-05-20 09:10:22
11356,Maria Williams,"147 Oak Street, Galway",INSOLVENCY,INS4,2025-05-20 09:15:34
14671,Michael Rodriguez,"133 Pine Road, Sligo",SETTLED,SETTLED,2025-05-20 09:46:49
91099,John Brown,"171 Elm Street, Belfast",INSOLVENCY,INSP,2025-05-20 13:30:56
95948,James Davis,"45 Riverside Drive, Cork",COLLECTIONS,PRIME_D,2025-05-20 23:38:23
84118,Michael Jones,"56 Maple Avenue, Waterford",COLLECTIONS,PRIME_D,2025-05-21 02:42:40
27800,Olivia Davis,"28 Sunset Boulevard, Waterford",SETTLED,SETTLED,2025-05-21 19:09:50
78528,Laura Rodriguez,"120 Pine Road, Belfast",TRACE,GONEAWAY,2025-05-22 00:43:58
86013,Daniel Smith,"124 Sunset Boulevard, Belfast",TRACE,GONEAWAY,2025-05-22 00:52:48
91331,Olivia Rodriguez,"24 Cedar Lane, Dublin",PAYING,PAY CURR,2025-05-22 01:13:22
32832,Sophia Davis,"68 Sunset Boulevard, Limerick",OTHER,ARCHIVED,2025-05-22 02:26:50
32998,James Wilson,"1 Elm Street, Galway",LEGAL,LEG_NOT,2025-05-22 04:29:16
17880,Emma Davis,"52 Pine Road, Cork",COLLECTIONS,CANCEL4,2025-05-22 05:51:53
17880,Emma Davis,"52 Pine Road, Cork",COLLECTIONS,CANCEL4,2025-05-22 06:02:45
98794,Sarah Martinez,"10 Maple Avenue, Cork",PAYING,PAY CURR,2025-05-22 06:51:30
59344,Olivia Jones,"160 Sunset Boulevard, Limerick",LEGAL,LEG VERIF 1,2025-05-22 07:25:08
86347,Michael Johnson,"31 Pine Road, Galway",PAYING,PAY PROP,2025-05-22 08:54:43
10585,Michael Davis,"71 Riverside Drive, Belfast",PAYING,PAY PROP,2025-05-22 10:20:48
54123,Olivia Rodriguez,"79 Pine Road, Limerick",SETTLED,SETTLED,2025-05-22 10:51:29
95232,John Rodriguez,"124 Sunset Boulevard, Limerick",OTHER,ARCHIVED,2025-05-22 11:20:38
83943,David Wilson,"188 Cedar Lane, Belfast",COLLECTIONS,PAY OVER,2025-05-22 12:37:12
94714,Sophia Brown,"85 Cedar Lane, Dublin",SETTLED,SETTLED,2025-05-22 13:33:16
71125,John Brown,"136 Maple Avenue, Kilkenny",TRACE,GONEAWAY,2025-05-22 14:53:10
46992,James Williams,"15 Cedar Lane, Dublin",TRACE,GONEAWAY,2025-05-22 19:52:04
90869,David Jones,"143 Sunset Boulevard, Waterford",PAYING,PAY PROP,2025-05-22 20:27:15
10585,Michael Davis,"71 Riverside Drive, Belfast",TRACE,GONEAWAY,2025-05-22 21:22:43
84256,Sarah Brown,"185 Elm Street, Waterford",TRACE,GONEAWAY,2025-05-23 00:35:23
32283,James Johnson,"41 Pine Road, Cork",PAYING,PAY CURR,2025-05-23 01:15:59
87432,John Martinez,"107 Pine Road, Dublin",SETTLED,SETTLED,2025-05-23 01:25:22
92669,John Davis,"72 Pine Road, Kilkenny",SETTLED,SETTLED,2025-05-23 07:09:27
55992,John Miller,"18 Sunset Boulevard, Galway",PAYING,PAY CURR,2025-05-23 08:37:14
63099,Alex Martinez,"170 Elm Street, Kilkenny",SETTLED,SETTLED,2025-05-23 10:08:38
98254,Sarah Rodriguez,"3 Pine Road, Sligo",INSOLVENCY,INS2,2025-05-23 10:42:08
74670,Laura Rodriguez,"189 Maple Avenue, Galway",PAYING,PAY CURR,2025-05-23 10:54:46
45539,James Johnson,"88 Maple Avenue, Sligo",SETTLED,SETTLED,2025-05-23 12:44:25
48354,Michael Smith,"186 Sunset Boulevard, Kilkenny",INSOLVENCY,INS3,2025-05-23 14:49:28
13416,Emma Wilson,"58 Pine Road, Dublin",SETTLED,SETTLED,2025-05-23 15:07:19
66158,Emma Martinez,"99 Cedar Lane, Waterford",OTHER,ARCHIVED,2025-05-23 15:09:47
68484,Michael Wilson,"53 Elm Street, Kilkenny",INSOLVENCY,INS1,2025-05-23 15:58:37
26066,James Jones,"161 Pine Road, Waterford",OTHER,ARCHIVED,2025-05-23 18:25:25
13416,Emma Wilson,"58 Pine Road, Dublin",INSOLVENCY,INS1,2025-05-23 21:01:59
98254,Sarah Rodriguez,"3 Pine Road, Sligo",LEGAL,LEG VERIF 2,2025-05-23 21:14:44
78633,James Davis,"20 Maple Avenue, Waterford",TRACE,GONEAWAY,2025-05-23 21:37:41
13484,Maria Davis,"129 Cedar Lane, Galway",TRACE,GONEAWAY,2025-05-23 22:45:12
92669,John Davis,"72 Pine Road, Kilkenny",OTHER,ARCHIVED,2025-05-24 02:58:31
47933,Emma Brown,"79 Elm Street, Kilkenny",PAYING,PAY PROP,2025-05-24 03:35:44
39776,Maria Davis,"113 Maple Avenue, Kilkenny",OTHER,ARCHIVED,2025-05-24 04:28:07
94714,Sophia Brown,"85 Cedar Lane, Dublin",TRACE,GONEAWAY,2025-05-24 05:42:27
81675,Alex Smith,"53 Maple Avenue, Kilkenny",PAYING,PAY PROP,2025-05-24 05:53:30
21399,David Williams,"41 Pine Road, Sligo",LEGAL,LEG VERIF 1,2025-05-24 06:38:29
71242,James Davis,"9 Hillcrest Road, Kilkenny",LEGAL,LEG VERIF 1,2025-05-24 06:55:36
74670,Laura Rodriguez,"189 Maple Avenue, Galway",COLLECTIONS,PAY OVER,2025-05-24 06:56:23
28504,Maria Jones,"169 Oak Street, Sligo",PAYING,PAY CURR,2025-05-24 07:17:21
36313,David Smith,"102 Sunset Boulevard, Sligo",INSOLVENCY,INS4,2025-05-24 09:58:04
19099,Michael Smith,"93 Pine Road, Waterford",TRACE,GONEAWAY,2025-05-24 10:55:35
96772,Laura Brown,"127 Oak Street, Dublin",SETTLED,SETTLED,2025-05-24 12:14:28
34650,Daniel Miller,"37 Elm Street, Belfast",LEGAL,HOLD FO,2025-05-24 13:19:20
37988,Olivia Martinez,"80 Sunset Boulevard, Belfast",SETTLED,SETTLED,2025-05-24 13:40:22
77262,Daniel Garcia,"46 Sunset Boulevard, Limerick",COLLECTIONS,PRIME_D,2025-05-24 14:47:09
70437,Olivia Miller,"185 Oak Street, Belfast",INSOLVENCY,INS4,2025-05-24 16:35:44
58064,Emma Williams,"123 Elm Street, Waterford",COLLECTIONS,CANCEL2,2025-05-24 16:43:57
42252,Sophia Johnson,"150 Sunset Boulevard, Kilkenny",LEGAL,LEG VERIF 2,2025-05-24 17:02:28
81634,David Jones,"195 Hillcrest Road, Dublin",INSOLVENCY,INS3,2025-05-24 17:06:55
86556,Michael Brown,"113 Elm Street, Kilkenny",COLLECTIONS,PRIME_D,2025-05-24 22:07:10
75042,Sophia Jones,"52 Cedar Lane, Limerick",TRACE,GONEAWAY,2025-05-25 00:37:55
19675,James Davis,"154 Hillcrest Road, Dublin",OTHER,ARCHIVED,2025-05-25 01:19:52
94638,David Wilson,"139 Cedar Lane, Cork",INSOLVENCY,INS4,2025-05-25 01:24:38
25733,David Brown,"63 Sunset Boulevard, Kilkenny",COLLECTIONS,PRIME_D,2025-05-25 04:30:39
21707,Michael Rodriguez,"81 Pine Road, Dublin",PAYING,PAY PROP,2025-05-25 07:38:05
37798,Sarah Wilson,"54 Elm Street, Cork",LEGAL,LEG_TIT,2025-05-25 09:49:28
79279,James Martinez,"190 Oak Street, Galway",TRACE,GONEAWAY,2025-05-25 12:07:23
84845,Sarah Rodriguez,"89 Riverside Drive, Waterford",LEGAL,LEG VERIF 2,2025-05-25 12:30:13
25073,John Davis,"156 Elm Street, Galway",COLLECTIONS,PRIME,2025-05-25 15:02:29
71048,Maria Brown,"124 Maple Avenue, Belfast",PAYING,PAY CURR,2025-05-25 16:13:56
87921,Alex Brown,"3 Hillcrest Road, Galway",COLLECTIONS,TELSOLUTIONS1,2025-05-25 16:31:29
88060,David Johnson,"107 Pine Road, Waterford",INSOLVENCY,INS4,2025-05-25 19:22:46
16198,Laura Williams,"167 Elm Street, Limerick",PAYING,PAY CURR,2025-05-25 19:32:20
79212,Sophia Rodriguez,"177 Oak Street, Belfast",SETTLED,SETTLED,2025-05-25 23:41:48
70219,John Johnson,"59 Maple Avenue, Sligo",SETTLED,SETTLED,2025-05-26 00:12:37
78987,Maria Smith,"55 Oak Street, Limerick",SETTLED,SETTLED,2025-05-26 00:23:26
29623,James Smith,"134 Riverside Drive, Waterford",PAYING,PAY PROP,2025-05-26 00:48:10
28442,Emma Rodriguez,"145 Elm Street, Dublin",OTHER,ARCHIVED,2025-05-26 01:58:41
98909,Michael Rodriguez,"83 Maple Avenue, Limerick",COLLECTIONS,CASSIST2,2025-05-26 08:11:06
84455,Daniel Smith,"118 Maple Avenue, Galway",SETTLED,SETTLED,2025-05-26 12:34:28
70437,Olivia Miller,"185 Oak Street, Belfast",PAYING,PAY CURR,2025-05-26 14:50:59
89176,Sarah Johnson,"105 Cedar Lane, Galway",TRACE,GONEAWAY,2025-05-26 18:07:08
54341,Michael Davis,"164 Maple Avenue, Belfast",LEGAL,HOLD FO,2025-05-26 18:13:04
31172,Olivia Smith,"102 Sunset Boulevard, Dublin",PAYING,PAY CURR,2025-05-26 23:58:18
60001,Alex Brown,"57 Cedar Lane, Kilkenny",INSOLVENCY,INS3,2025-05-28 00:12:17
75723,Olivia Williams,"141 Pine Road, Waterford",LEGAL,LEG_NOT,2025-05-28 01:04:27
53017,Daniel Smith,"120 Hillcrest Road, Belfast",INSOLVENCY,INS2,2025-05-28 03:57:20
94956,Alex Jones,"144 Riverside Drive, Limerick",PAYING,PAY PROP,2025-05-28 05:41:19
46369,Emma Jones,"85 Sunset Boulevard, Sligo",INSOLVENCY,INS4,2025-05-28 10:07:24
10180,Olivia Davis,"3 Elm Street, Limerick",OTHER,ARCHIVED,2025-05-28 10:19:46
46494,Laura Johnson,"178 Cedar Lane, Sligo",OTHER,ARCHIVED,2025-05-28 10:44:16
93890,Maria Smith,"163 Riverside Drive, Cork",LEGAL,LEG_TIT,2025-05-28 12:03:03
36291,David Davis,"39 Elm Street, Dublin",PAYING,PAY PROP,2025-05-28 12:04:27
51246,Sarah Williams,"142 Oak Street, Limerick",SETTLED,SETTLED,2025-05-28 12:13:56
19086,Laura Brown,"88 Cedar Lane, Sligo",LEGAL,LEG VERIF 1,2025-05-28 13:29:02
42747,Sarah Brown,"179 Hillcrest Road, Waterford",INSOLVENCY,INSP,2025-05-28 16:34:29
74228,Sarah Martinez,"44 Sunset Boulevard, Sligo",PAYING,PAY PROP,2025-05-28 19:51:48
55992,John Miller,"18 Sunset Boulevard, Galway",COLLECTIONS,TELSOLUTIONS4,2025-05-28 23:48:49
10869,John Williams,"5 Hillcrest Road, Dublin",SETTLED,SETTLED,2025-05-29 00:31:14
13861,David Smith,"185 Maple Avenue, Dublin",TRACE,GONEAWAY,2025-05-29 04:55:51
61550,Maria Brown,"98 Riverside Drive, Galway",COLLECTIONS,CANCEL4,2025-05-29 08:50:03
11336,Emma Smith,"64 Pine Road, Sligo",SETTLED,SETTLED,2025-05-29 09:35:41
47103,Daniel Davis,"33 Pine Road, Sligo",INSOLVENCY,INS4,2025-05-29 16:07:48
20307,James Williams,"149 Riverside Drive, Limerick",TRACE,GONEAWAY,2025-05-30 01:04:39
55030,Olivia Martinez,"8 Elm Street, Sligo",TRACE,GONEAWAY,2025-05-30 04:00:27
46155,Sophia Smith,"130 Cedar Lane, Galway",OTHER,ARCHIVED,2025-05-30 07:31:45
80451,Sophia Wilson,"3 Hillcrest Road, Cork",COLLECTIONS,PRIME,2025-05-30 07:39:55
13787,Laura Wilson,"88 Elm Street, Cork",INSOLVENCY,INS2,2025-05-30 07:53:52
16198,Laura Williams,"167 Elm Street, Limerick",TRACE,GONEAWAY,2025-05-30 08:45:54
29210,David Brown,"69 Oak Street, Kilkenny",PAYING,PAY PROP,2025-05-30 08:51:06
91331,Olivia Rodriguez,"24 Cedar Lane, Dublin",SETTLED,SETTLED,2025-05-30 10:57:34
59791,Emma Martinez,"93 Elm Street, Cork",INSOLVENCY,INS3,2025-05-30 13:30:37
94706,Alex Davis,"55 Elm Street, Galway",LEGAL,LEG VERIF 1,2025-05-30 17:11:28
52087,Maria Brown,"120 Hillcrest Road, Belfast",LEGAL,LEG VERIF 2,2025-05-30 18:32:01
85173,Emma Martinez,"141 Sunset Boulevard, Cork",SETTLED,SETTLED,2025-05-30 19:24:26
34177,Sarah Jones,"63 Hillcrest Road, Limerick",TRACE,GONEAWAY,2025-05-30 19:45:19
95324,Emma Brown,"136 Cedar Lane, Sligo",TRACE,GONEAWAY,2025-05-30 20:17:41
54549,Olivia Miller,"41 Hillcrest Road, Kilkenny",LEGAL,HOLD FO,2025-05-30 22:19:17
46986,James Martinez,"81 Hillcrest Road, Belfast",LEGAL,LEG_NOT,2025-05-30 22:44:51
33687,Michael Wilson,"175 Pine Road, Belfast",LEGAL,HOLD FO,2025-05-31 01:21:26
25000,Maria Martinez,"48 Elm Street, Galway",COLLECTIONS,TELSOLUTIONS4,2025-05-31 02:37:12
69833,Laura Garcia,"200 Hillcrest Road, Kilkenny",SETTLED,SETTLED,2025-05-31 04:43:22
29593,Laura Jones,"9 Cedar Lane, Dublin",COLLECTIONS,CASSIST2,2025-05-31 09:46:06
34108,Laura Jones,"183 Pine Road, Galway",COLLECTIONS,PRIME,2025-05-31 12:30:52
57819,John Garcia,"141 Elm Street, Sligo",LEGAL,LEG_TIT,2025-05-31 12:46:09
52017,Maria Wilson,"152 Riverside Drive, Sligo",PAYING,PAY PROP,2025-05-31 16:03:18
10474,John Rodriguez,"95 Elm Street, Cork",INSOLVENCY,INS1,2025-05-31 16:18:15
94928,John Williams,"19 Pine Road, Belfast",COLLECTIONS,PRIME_D,2025-05-31 17:21:11
79521,Sophia Jones,"196 Sunset Boulevard, Cork",OTHER,ARCHIVED,2025-05-31 19:04:50
65559,Sophia Miller,"7 Maple Avenue, Kilkenny",PAYING,PAY PROP,2025-05-31 19:52:16
17320,Maria Martinez,"117 Sunset Boulevard, Belfast",SETTLED,SETTLED,2025-05-31 21:04:27
19099,Michael Smith,"93 Pine Road, Waterford",PAYING,PAY PROP,2025-06-01 00:12:10
86013,Daniel Smith,"124 Sunset Boulevard, Belfast",COLLECTIONS,PAY OVER,2025-06-01 00:50:09
32832,Sophia Davis,"68 Sunset Boulevard, Limerick",TRACE,GONEAWAY,2025-06-01 00:50:57
84640,Olivia Smith,"131 Pine Road, Sligo",INSOLVENCY,INS4,2025-06-01 00:58:46
72340,John Rodriguez,"58 Pine Road, Belfast",PAYING,PAY CURR,2025-06-01 01:16:05
31463,Sarah Garcia,"113 Hillcrest Road, Galway",OTHER,ARCHIVED,2025-06-01 01:38:43
64070,Laura Davis,"42 Elm Street, Galway",COLLECTIONS,TELSOLUTIONS4,2025-06-01 02:18:55
40733,Daniel Miller,"77 Cedar Lane, Belfast",OTHER,ARCHIVED,2025-06-01 05:25:47
49999,James Miller,"47 Riverside Drive, Limerick",COLLECTIONS,TELSOLUTIONS1,2025-06-01 07:47:49
77356,Daniel Martinez,"158 Oak Street, Sligo",COLLECTIONS,CANCEL2,2025-06-01 09:17:58
57726,John Davis,"22 Cedar Lane, Belfast",PAYING,PAY PROP,2025-06-01 10:47:50
95232,John Rodriguez,"124 Sunset Boulevard, Limerick",SETTLED,SETTLED,2025-06-01 12:38:21
40198,Alex Williams,"6 Maple Avenue, Kilkenny",LEGAL,LEG_TIT,2025-06-01 14:30:19
57819,John Garcia,"141 Elm Street, Sligo",LEGAL,LEG_TIT,2025-06-01 19:54:41
29836,John Johnson,"74 Sunset Boulevard, Waterford",SETTLED,SETTLED,2025-06-01 21:07:35
85557,James Smith,"69 Oak Street, Kilkenny",INSOLVENCY,INSP,2025-06-01 22:20:20
59502,Emma Garcia,"105 Hillcrest Road, Cork",SETTLED,SETTLED,2025-06-02 01:38:57
14006,James Johnson,"124 Maple Avenue, Galway",INSOLVENCY,INS1,2025-06-02 07:44:29
87813,Olivia Johnson,"55 Hillcrest Road, Galway",LEGAL,LEG VERIF 2,2025-06-04 00:33:24
35861,David Johnson,"103 Cedar Lane, Galway",INSOLVENCY,INSP,2025-06-04 00:52:07
15757,Sophia Williams,"79 Sunset Boulevard, Dublin",TRACE,GONEAWAY,2025-06-04 01:50:23
36810,Maria Martinez,"81 Riverside Drive, Belfast",TRACE,GONEAWAY,2025-06-04 02:33:53
60001,Alex Brown,"57 Cedar Lane, Kilkenny",INSOLVENCY,INSP,2025-06-04 03:52:51
78416,Laura Wilson,"31 Hillcrest Road, Limerick",TRACE,GONEAWAY,2025-06-05 00:23:51
33347,David Jones,"157 Sunset Boulevard, Sligo",OTHER,ARCHIVED,2025-06-05 08:47:30
10869,John Williams,"5 Hillcrest Road, Dublin",SETTLED,SETTLED,2025-06-05 13:27:24
79212,Sophia Rodriguez,"177 Oak Street, Belfast",COLLECTIONS,PRIME,2025-06-05 13:58:59
98794,Sarah Martinez,"10 Maple Avenue, Cork",LEGAL,LEG_TIT,2025-06-06 01:13:45
85241,Emma Brown,"57 Maple Avenue, Kilkenny",TRACE,GONEAWAY,2025-06-06 02:16:44
85441,John Garcia,"125 Hillcrest Road, Sligo",COLLECTIONS,TELSOLUTIONS1,2025-06-06 04:29:11
26514,Sophia Smith,"135 Sunset Boulevard, Limerick",LEGAL,HOLD FO,2025-06-06 04:50:02
60840,James Miller,"74 Riverside Drive, Limerick",COLLECTIONS,CANCEL4,2025-06-06 05:38:22
32687,Michael Wilson,"97 Cedar Lane, Dublin",PAYING,PAY PROP,2025-06-06 07:10:57
47532,Sophia Jones,"89 Riverside Drive, Sligo",COLLECTIONS,PAY OVER,2025-06-06 09:04:38
13416,Emma Wilson,"58 Pine Road, Dublin",COLLECTIONS,CASSIST2,2025-06-06 09:18:40
57417,Daniel Smith,"175 Hillcrest Road, Limerick",PAYING,PAY CURR,2025-06-06 09:22:26
65773,James Miller,"140 Riverside Drive, Kilkenny",COLLECTIONS,PRIME,2025-06-06 12:04:26
29210,David Brown,"69 Oak Street, Kilkenny",INSOLVENCY,INS2,2025-06-06 15:44:50
98849,Laura Wilson,"152 Oak Street, Cork",LEGAL,HOLD FO,2025-06-06 15:52:13
34002,James Johnson,"200 Oak Street, Waterford",LEGAL,LEG VERIF 1,2025-06-06 16:19:11
45548,Maria Wilson,"163 Maple Avenue, Dublin",SETTLED,SETTLED,2025-06-06 16:32:13
67701,Alex Brown,"116 Maple Avenue, Waterford",COLLECTIONS,PRIME_D,2025-06-06 16:57:38
91558,Sophia Rodriguez,"139 Riverside Drive, Galway",COLLECTIONS,CASSIST2,2025-06-06 16:58:30
65156,Sarah Smith,"138 Elm Street, Galway",INSOLVENCY,INSP,2025-06-06 18:02:39
85441,John Garcia,"125 Hillcrest Road, Sligo",OTHER,ARCHIVED,2025-06-07 00:37:10
82487,Daniel Miller,"195 Riverside Drive, Belfast",LEGAL,LEG VERIF 2,2025-06-07 01:42:56
70629,Michael Rodriguez,"172 Oak Street, Belfast",PAYING,PAY CURR,2025-06-07 08:19:05
11449,Daniel Miller,"6 Hillcrest Road, Waterford",PAYING,PAY CURR,2025-06-07 09:17:41
21698,Emma Miller,"48 Cedar Lane, Dublin",INSOLVENCY,INS2,2025-06-07 10:20:20
59505,Daniel Wilson,"113 Pine Road, Limerick",LEGAL,HOLD FO,2025-06-07 10:57:43
34083,Michael Davis,"37 Hillcrest Road, Cork",OTHER,ARCHIVED,2025-06-07 11:38:46
53017,Daniel Smith,"120 Hillcrest Road, Belfast",COLLECTIONS,PRIME,2025-06-07 14:09:06
63538,Alex Brown,"134 Hillcrest Road, Cork",COLLECTIONS,PRIME,2025-06-07 16:58:00
88716,Emma Rodriguez,"113 Cedar Lane, Galway",PAYING,PAY PROP,2025-06-07 17:19:02
29600,Daniel Martinez,"184 Elm Street, Limerick",PAYING,PAY PROP,2025-06-07 17:22:22
99694,Sophia Rodriguez,"10 Elm Street, Belfast",COLLECTIONS,CANCEL4,2025-06-07 18:49:23
40079,Sarah Wilson,"112 Elm Street, Belfast",OTHER,ARCHIVED,2025-06-07 19:08:03
63368,John Johnson,"56 Elm Street, Limerick",LEGAL,HOLD FO,2025-06-07 20:24:26
85922,John Rodriguez,"94 Pine Road, Sligo",PAYING,PAY PROP,2025-06-07 20:28:15
63223,Daniel Smith,"39 Oak Street, Kilkenny",PAYING,PAY PROP,2025-06-07 20:54:01
46155,Sophia Smith,"130 Cedar Lane, Galway",INSOLVENCY,INS1,2025-06-07 21:33:36
75723,Olivia Williams,"141 Pine Road, Waterford",COLLECTIONS,TELSOLUTIONS1,2025-06-08 01:06:20
73556,Emma Rodriguez,"154 Oak Street, Belfast",TRACE,GONEAWAY,2025-06-08 02:00:26
61279,Maria Smith,"51 Maple Avenue, Dublin",TRACE,GONEAWAY,2025-06-08 06:51:34
78633,James Davis,"20 Maple Avenue, Waterford",INSOLVENCY,INS2,2025-06-08 07:44:52
59399,Michael Jones,"5 Hillcrest Road, Kilkenny",INSOLVENCY,INS2,2025-06-08 08:44:08
98909,Michael Rodriguez,"83 Maple Avenue, Limerick",INSOLVENCY,INS2,2025-06-08 12:27:23
50515,Sarah Miller,"153 Pine Road, Limerick",SETTLED,SETTLED,2025-06-08 14:14:27
91678,Laura Garcia,"104 Cedar Lane, Waterford",OTHER,ARCHIVED,2025-06-08 22:48:20
85043,Sarah Rodriguez,"103 Cedar Lane, Cork",SETTLED,SETTLED,2025-06-09 04:10:27
34629,Alex Martinez,"67 Sunset Boulevard, Galway",INSOLVENCY,INS4,2025-06-09 06:25:49
92255,Sophia Martinez,"67 Maple Avenue, Sligo",INSOLVENCY,INS4,2025-06-09 07:20:34
98254,Sarah Rodriguez,"3 Pine Road, Sligo",OTHER,ARCHIVED,2025-06-09 10:55:45
98794,Sarah Martinez,"10 Maple Avenue, Cork",LEGAL,LEG_NOT,2025-06-09 13:21:24
59505,Daniel Wilson,"113 Pine Road, Limerick",LEGAL,HOLD FO,2025-06-09 14:15:26
13356,James Jones,"85 Cedar Lane, Cork",LEGAL,LEG VERIF 1,2025-06-09 15:01:11
69833,Laura Garcia,"200 Hillcrest Road, Kilkenny",INSOLVENCY,INS1,2025-06-09 20:11:44
59399,Michael Jones,"5 Hillcrest Road, Kilkenny",COLLECTIONS,TELSOLUTIONS1,2025-06-09 20:38:42
35919,Olivia Rodriguez,"168 Elm Street, Belfast",OTHER,ARCHIVED,2025-06-09 21:36:52
63223,Daniel Smith,"39 Oak Street, Kilkenny",INSOLVENCY,INSP,2025-06-09 21:42:01
10388,Laura Garcia,"58 Elm Street, Dublin",PAYING,PAY CURR,2025-06-10 03:33:15
44286,Sophia Davis,"160 Cedar Lane, Cork",COLLECTIONS,CANCEL4,2025-06-10 08:53:47
28504,Maria Jones,"169 Oak Street, Sligo",COLLECTIONS,TELSOLUTIONS4,2025-06-10 16:27:11
45495,Michael Smith,"140 Elm Street, Kilkenny",COLLECTIONS,PAY OVER,2025-06-10 23:06:32
21453,John Garcia,"90 Sunset Boulevard, Waterford",OTHER,ARCHIVED,2025-06-11 02:40:33
10180,Olivia Davis,"3 Elm Street, Limerick",OTHER,ARCHIVED,2025-06-11 03:48:35
21415,David Jones,"172 Maple Avenue, Kilkenny",PAYING,PAY CURR,2025-06-11 04:13:24
28382,Daniel Miller,"64 Maple Avenue, Kilkenny",TRACE,GONEAWAY,2025-06-11 05:30:31
48388,Alex Smith,"63 Hillcrest Road, Limerick",OTHER,ARCHIVED,2025-06-11 08:29:02
17346,Daniel Wilson,"37 Riverside Drive, Limerick",COLLECTIONS,TELSOLUTIONS1,2025-06-11 09:04:38
35401,John Miller,"164 Sunset Boulevard, Belfast",OTHER,ARCHIVED,2025-06-11 10:38:30
59502,Emma Garcia,"105 Hillcrest Road, Cork",SETTLED,SETTLED,2025-06-11 11:42:33
10474,John Rodriguez,"95 Elm Street, Cork",PAYING,PAY PROP,2025-06-11 11:59:07
34177,Sarah Jones,"63 Hillcrest Road, Limerick",COLLECTIONS,TELSOLUTIONS4,2025-06-11 15:30:26
68436,Emma Johnson,"189 Oak Street, Cork",OTHER,ARCHIVED,2025-06-11 16:06:07
94751,Emma Rodriguez,"158 Maple Avenue, Kilkenny",COLLECTIONS,TELSOLUTIONS1,2025-06-11 16:10:52
40198,Alex Williams,"6 Maple Avenue, Kilkenny",COLLECTIONS,PRIME,2025-06-11 16:17:30
33347,David Jones,"157 Sunset Boulevard, Sligo",INSOLVENCY,INS1,2025-06-11 16:58:48
50973,Emma Miller,"128 Maple Avenue, Galway",COLLECTIONS,CASSIST2,2025-06-11 18:17:23
83785,Sophia Martinez,"141 Hillcrest Road, Cork",SETTLED,SETTLED,2025-06-11 19:28:27
37744,Sophia Miller,"115 Oak Street, Limerick",TRACE,GONEAWAY,2025-06-11 21:13:03
77426,Alex Miller,"136 Elm Street, Dublin",TRACE,GONEAWAY,2025-06-11 22:46:11
15680,John Miller,"125 Sunset Boulevard, Sligo",INSOLVENCY,INS2,2025-06-13 08:55:48
40733,Daniel Miller,"77 Cedar Lane, Belfast",INSOLVENCY,INS3,2025-06-13 13:42:58
39643,Emma Davis,"33 Elm Street, Cork",COLLECTIONS,CANCEL4,2025-06-13 15:01:20
40659,Sophia Rodriguez,"173 Sunset Boulevard, Kilkenny",PAYING,PAY PROP,2025-06-13 17:08:58
19099,Michael Smith,"93 Pine Road, Waterford",INSOLVENCY,INS3,2025-06-13 17:43:29
58120,Alex Jones,"138 Riverside Drive, Kilkenny",TRACE,GONEAWAY,2025-06-13 18:37:53
21418,Sarah Miller,"81 Riverside Drive, Galway",PAYING,PAY CURR,2025-06-13 19:02:40
62836,Sarah Brown,"85 Pine Road, Sligo",INSOLVENCY,INS4,2025-06-13 23:07:45
13787,Laura Wilson,"88 Elm Street, Cork",INSOLVENCY,INSP,2025-06-14 02:50:20
40987,Sophia Martinez,"72 Pine Road, Cork",COLLECTIONS,TELSOLUTIONS1,2025-06-14 08:52:01
73732,Laura Williams,"139 Maple Avenue, Galway",TRACE,GONEAWAY,2025-06-15 06:17:03
62595,Sarah Davis,"25 Pine Road, Sligo",OTHER,ARCHIVED,2025-06-15 11:09:39
19099,Michael Smith,"93 Pine Road, Waterford",SETTLED,SETTLED,2025-06-15 13:33:06
22367,Maria Martinez,"51 Elm Street, Dublin",SETTLED,SETTLED,2025-06-15 19:40:49
41740,John Johnson,"78 Cedar Lane, Dublin",OTHER,ARCHIVED,2025-06-16 00:13:49
93890,Maria Smith,"163 Riverside Drive, Cork",SETTLED,SETTLED,2025-06-16 01:53:40
53131,Emma Garcia,"41 Elm Street, Sligo",COLLECTIONS,CANCEL4,2025-06-16 02:31:56
22367,Maria Martinez,"51 Elm Street, Dublin",COLLECTIONS,TELSOLUTIONS1,2025-06-16 02:47:47
96035,Laura Garcia,"59 Maple Avenue, Sligo",PAYING,PAY CURR,2025-06-16 03:53:24
32687,Michael Wilson,"97 Cedar Lane, Dublin",COLLECTIONS,CASSIST2,2025-06-16 08:51:39
82526,John Davis,"136 Riverside Drive, Galway",SETTLED,SETTLED,2025-06-16 09:50:44
80893,Alex Wilson,"36 Cedar Lane, Sligo",TRACE,GONEAWAY,2025-06-16 11:08:12
58473,Sophia Brown,"162 Elm Street, Galway",TRACE,GONEAWAY,2025-06-16 11:53:00
23780,David Williams,"197 Hillcrest Road, Cork",TRACE,GONEAWAY,2025-06-16 12:26:34
25073,John Davis,"156 Elm Street, Galway",LEGAL,LEG_TIT,2025-06-16 13:13:53
70180,Michael Garcia,"19 Oak Street, Galway",SETTLED,SETTLED,2025-06-16 14:46:22
83051,James Miller,"200 Hillcrest Road, Waterford",COLLECTIONS,PRIME_D,2025-06-16 15:51:26
26742,Laura Miller,"18 Maple Avenue, Waterford",TRACE,GONEAWAY,2025-06-16 18:12:16
40079,Sarah Wilson,"112 Elm Street, Belfast",LEGAL,LEG_NOT,2025-06-16 18:34:45
45393,Emma Wilson,"84 Sunset Boulevard, Galway",OTHER,ARCHIVED,2025-06-16 19:03:01
46992,James Williams,"15 Cedar Lane, Dublin",INSOLVENCY,INS1,2025-06-16 19:13:51
81675,Alex Smith,"53 Maple Avenue, Kilkenny",LEGAL,LEG_TIT,2025-06-16 20:17:00
52609,Sophia Brown,"53 Pine Road, Limerick",LEGAL,HOLD FO,2025-06-16 22:28:41
42494,Olivia Rodriguez,"146 Pine Road, Waterford",OTHER,ARCHIVED,2025-06-17 00:17:20
60048,Sophia Williams,"132 Hillcrest Road, Waterford",OTHER,ARCHIVED,2025-06-17 03:35:38
95232,John Rodriguez,"124 Sunset Boulevard, Limerick",COLLECTIONS,CANCEL2,2025-06-17 07:59:17
85557,James Smith,"69 Oak Street, Kilkenny",OTHER,ARCHIVED,2025-06-17 08:09:26
84455,Daniel Smith,"118 Maple Avenue, Galway",SETTLED,SETTLED,2025-06-17 08:35:23
17948,Alex Martinez,"128 Riverside Drive, Kilkenny",COLLECTIONS,CANCEL2,2025-06-17 17:16:00
95274,Laura Jones,"120 Maple Avenue, Kilkenny",LEGAL,LEG_TIT,2025-06-17 18:16:59
51089,Laura Garcia,"41 Maple Avenue, Galway",LEGAL,HOLD FO,2025-06-17 18:23:30
62345,Laura Miller,"189 Cedar Lane, Cork",TRACE,GONEAWAY,2025-06-17 19:40:24
78528,Laura Rodriguez,"120 Pine Road, Belfast",PAYING,PAY CURR,2025-06-17 21:18:45
55044,Emma Wilson,"74 Riverside Drive, Galway",LEGAL,LEG_TIT,2025-06-17 22:14:27
86013,Daniel Smith,"124 Sunset Boulevard, Belfast",SETTLED,SETTLED,2025-06-17 23:26:59
40987,Sophia Martinez,"72 Pine Road, Cork",SETTLED,SETTLED,2025-06-18 10:49:45
24213,Alex Williams,"139 Elm Street, Belfast",PAYING,PAY PROP,2025-06-18 23:52:16
37798,Sarah Wilson,"54 Elm Street, Cork",PAYING,PAY PROP,2025-06-19 00:03:06
79521,Sophia Jones,"196 Sunset Boulevard, Cork",INSOLVENCY,INS1,2025-06-19 01:41:48
25633,Daniel Williams,"32 Sunset Boulevard, Sligo",COLLECTIONS,CANCEL4,2025-06-19 08:43:52
21489,Daniel Jones,"50 Riverside Drive, Galway",SETTLED,SETTLED,2025-06-19 16:36:11
62836,Sarah Brown,"85 Pine Road, Sligo",TRACE,GONEAWAY,2025-06-19 17:09:33
88213,David Williams,"8 Pine Road, Kilkenny",LEGAL,LEG_NOT,2025-06-19 19:07:38
74894,Emma Garcia,"190 Sunset Boulevard, Belfast",INSOLVENCY,INS2,2025-06-19 19:41:14
52087,Maria Brown,"120 Hillcrest Road, Belfast",SETTLED,SETTLED,2025-06-19 20:37:02
57791,James Miller,"118 Hillcrest Road, Sligo",INSOLVENCY,INS1,2025-06-20 00:04:28
92889,John Martinez,"90 Cedar Lane, Waterford",SETTLED,SETTLED,2025-06-20 01:07:40
89612,Daniel Jones,"194 Cedar Lane, Cork",TRACE,GONEAWAY,2025-06-20 03:50:01
56961,John Brown,"83 Riverside Drive, Galway",PAYING,PAY PROP,2025-06-20 05:55:26
31172,Olivia Smith,"102 Sunset Boulevard, Dublin",COLLECTIONS,CANCEL4,2025-06-20 07:26:30
25000,Maria Martinez,"48 Elm Street, Galway",PAYING,PAY CURR,2025-06-20 07:53:07
47857,James Garcia,"133 Cedar Lane, Dublin",TRACE,GONEAWAY,2025-06-20 10:32:10
13787,Laura Wilson,"88 Elm Street, Cork",LEGAL,HOLD FO,2025-06-20 10:40:35
63223,Daniel Smith,"39 Oak Street, Kilkenny",COLLECTIONS,CANCEL2,2025-06-20 15:20:36
26096,Sarah Jones,"154 Elm Street, Sligo",INSOLVENCY,INS2,2025-06-20 16:21:19
26742,Laura Miller,"18 Maple Avenue, Waterford",SETTLED,SETTLED,2025-06-20 17:33:06
62692,Maria Miller,"186 Maple Avenue, Sligo",OTHER,ARCHIVED,2025-06-20 18:22:21
20307,James Williams,"149 Riverside Drive, Limerick",OTHER,ARCHIVED,2025-06-20 20:03:35
57726,John Davis,"22 Cedar Lane, Belfast",COLLECTIONS,CANCEL4,2025-06-20 20:32:27
45571,Emma Martinez,"93 Cedar Lane, Limerick",LEGAL,HOLD FO,2025-06-20 20:45:36
21489,Daniel Jones,"50 Riverside Drive, Galway",TRACE,GONEAWAY,2025-06-21 02:03:25
35919,Olivia Rodriguez,"168 Elm Street, Belfast",COLLECTIONS,TELSOLUTIONS4,2025-06-21 05:15:55
13787,Laura Wilson,"88 Elm Street, Cork",LEGAL,HOLD FO,2025-06-21 12:16:30
32283,James Johnson,"41 Pine Road, Cork",INSOLVENCY,INSP,2025-06-21 12:44:26
34083,Michael Davis,"37 Hillcrest Road, Cork",LEGAL,HOLD FO,2025-06-21 17:52:51
71914,Daniel Johnson,"76 Riverside Drive, Belfast",INSOLVENCY,INS1,2025-06-21 19:36:38
38921,David Rodriguez,"132 Pine Road, Belfast",PAYING,PAY CURR,2025-06-21 21:12:33
58244,Emma Wilson,"6 Hillcrest Road, Limerick",TRACE,GONEAWAY,2025-06-22 00:56:40
35919,Olivia Rodriguez,"168 Elm Street, Belfast",LEGAL,HOLD FO,2025-06-22 02:04:59
79279,James Martinez,"190 Oak Street, Galway",TRACE,GONEAWAY,2025-06-22 05:04:12
26232,Daniel Davis,"106 Pine Road, Belfast",OTHER,ARCHIVED,2025-06-22 05:06:00
75723,Olivia Williams,"141 Pine Road, Waterford",PAYING,PAY PROP,2025-06-22 05:52:02
62692,Maria Miller,"186 Maple Avenue, Sligo",TRACE,GONEAWAY,2025-06-22 08:23:01
27223,Sophia Rodriguez,"165 Cedar Lane, Kilkenny",OTHER,ARCHIVED,2025-06-22 08:39:43
91173,Sarah Wilson,"18 Pine Road, Cork",OTHER,ARCHIVED,2025-06-22 08:46:05
13861,David Smith,"185 Maple Avenue, Dublin",TRACE,GONEAWAY,2025-06-22 09:05:18
44476,David Martinez,"26 Cedar Lane, Cork",OTHER,ARCHIVED,2025-06-22 09:35:55
44286,Sophia Davis,"160 Cedar Lane, Cork",LEGAL,HOLD FO,2025-06-22 10:14:42
51246,Sarah Williams,"142 Oak Street, Limerick",TRACE,GONEAWAY,2025-06-22 10:42:41
79521,Sophia Jones,"196 Sunset Boulevard, Cork",LEGAL,HOLD FO,2025-06-22 12:58:11
45539,James Johnson,"88 Maple Avenue, Sligo",OTHER,ARCHIVED,2025-06-22 17:54:58
91142,Michael Rodriguez,"159 Pine Road, Waterford",OTHER,ARCHIVED,2025-06-22 23:02:55
99694,Sophia Rodriguez,"10 Elm Street, Belfast",SETTLED,SETTLED,2025-06-22 23:38:51
83776,Maria Smith,"105 Pine Road, Kilkenny",LEGAL,HOLD FO,2025-06-23 00:39:26
25726,Olivia Davis,"144 Riverside Drive, Galway",SETTLED,SETTLED,2025-06-23 02:06:27
30531,Sarah Garcia,"107 Sunset Boulevard, Waterford",SETTLED,SETTLED,2025-06-23 05:45:03
11352,Alex Johnson,"38 Hillcrest Road, Sligo",INSOLVENCY,INS1,2025-06-23 06:21:37
75723,Olivia Williams,"141 Pine Road, Waterford",OTHER,ARCHIVED,2025-06-23 06:43:26
74894,Emma Garcia,"190 Sunset Boulevard, Belfast",COLLECTIONS,CANCEL4,2025-06-23 10:33:43
77917,Laura Miller,"68 Hillcrest Road, Sligo",PAYING,PAY PROP,2025-06-23 11:12:46
39313,John Jones,"90 Riverside Drive, Waterford",LEGAL,LEG VERIF 2,2025-06-23 11:30:52
48606,John Martinez,"33 Elm Street, Waterford",LEGAL,LEG VERIF 1,2025-06-23 13:16:16
54341,Michael Davis,"164 Maple Avenue, Belfast",PAYING,PAY CURR,2025-06-23 14:37:27
62106,Laura Brown,"183 Riverside Drive, Galway",INSOLVENCY,INS4,2025-06-23 15:55:53
89178,Daniel Garcia,"76 Cedar Lane, Galway",OTHER,ARCHIVED,2025-06-23 16:16:34
47801,John Johnson,"44 Cedar Lane, Dublin",LEGAL,LEG_TIT,2025-06-23 19:11:59
75042,Sophia Jones,"52 Cedar Lane, Limerick",COLLECTIONS,PAY OVER,2025-06-23 19:56:39
83051,James Miller,"200 Hillcrest Road, Waterford",SETTLED,SETTLED,2025-06-23 21:17:51
31233,Daniel Wilson,"55 Maple Avenue, Waterford",INSOLVENCY,INSP,2025-06-23 22:30:32
40079,Sarah Wilson,"112 Elm Street, Belfast",INSOLVENCY,INS3,2025-06-23 22:46:07
19086,Laura Brown,"88 Cedar Lane, Sligo",INSOLVENCY,INS2,2025-06-23 23:01:41
32998,James Wilson,"1 Elm Street, Galway",LEGAL,LEG_TIT,2025-06-24 00:56:23
65864,Maria Brown,"197 Hillcrest Road, Dublin",TRACE,GONEAWAY,2025-06-24 00:57:23
67701,Alex Brown,"116 Maple Avenue, Waterford",COLLECTIONS,PRIME,2025-06-24 03:25:53
32252,Michael Brown,"111 Elm Street, Belfast",OTHER,ARCHIVED,2025-06-24 04:36:06
52087,Maria Brown,"120 Hillcrest Road, Belfast",PAYING,PAY CURR,2025-06-24 06:22:29
51596,James Rodriguez,"150 Oak Street, Sligo",INSOLVENCY,INS3,2025-06-24 06:41:15
32252,Michael Brown,"111 Elm Street, Belfast",PAYING,PAY PROP,2025-06-24 11:18:30
59791,Emma Martinez,"93 Elm Street, Cork",SETTLED,SETTLED,2025-06-24 11:52:10
61279,Maria Smith,"51 Maple Avenue, Dublin",OTHER,ARCHIVED,2025-06-24 13:12:45
95274,Laura Jones,"120 Maple Avenue, Kilkenny",INSOLVENCY,INS3,2025-06-24 14:55:34
54718,Emma Davis,"115 Oak Street, Sligo",COLLECTIONS,CANCEL2,2025-06-24 16:06:13
97918,Daniel Smith,"123 Riverside Drive, Sligo",SETTLED,SETTLED,2025-06-24 16:26:22
48880,Alex Martinez,"85 Pine Road, Kilkenny",LEGAL,LEG_NOT,2025-06-24 16:31:52
91142,Michael Rodriguez,"159 Pine Road, Waterford",OTHER,ARCHIVED,2025-06-24 21:46:40
39453,James Smith,"166 Cedar Lane, Limerick",TRACE,GONEAWAY,2025-06-25 00:40:03
76500,John Garcia,"176 Sunset Boulevard, Cork",OTHER,ARCHIVED,2025-06-25 04:00:02
68861,Emma Rodriguez,"115 Sunset Boulevard, Cork",INSOLVENCY,INS2,2025-06-25 05:11:04
82487,Daniel Miller,"195 Riverside Drive, Belfast",TRACE,GONEAWAY,2025-06-25 06:49:54
76500,John Garcia,"176 Sunset Boulevard, Cork",COLLECTIONS,CANCEL4,2025-06-25 15:23:46
58120,Alex Jones,"138 Riverside Drive, Kilkenny",COLLECTIONS,PAY OVER,2025-06-26 03:10:58
60663,Maria Smith,"86 Hillcrest Road, Cork",OTHER,ARCHIVED,2025-06-26 06:26:26
70219,John Johnson,"59 Maple Avenue, Sligo",PAYING,PAY CURR,2025-06-26 07:29:00
43403,Laura Brown,"183 Hillcrest Road, Dublin",OTHER,ARCHIVED,2025-06-26 09:09:29
39776,Maria Davis,"113 Maple Avenue, Kilkenny",TRACE,GONEAWAY,2025-06-26 10:16:35
68484,Michael Wilson,"53 Elm Street, Kilkenny",TRACE,GONEAWAY,2025-06-26 10:31:59
32252,Michael Brown,"111 Elm Street, Belfast",LEGAL,LEG VERIF 2,2025-06-26 10:35:14
82324,David Smith,"60 Maple Avenue, Limerick",PAYING,PAY PROP,2025-06-26 11:34:51
53131,Emma Garcia,"41 Elm Street, Sligo",SETTLED,SETTLED,2025-06-27 00:12:40
68484,Michael Wilson,"53 Elm Street, Kilkenny",LEGAL,LEG_NOT,2025-06-27 05:13:11
73556,Emma Rodriguez,"154 Oak Street, Belfast",SETTLED,SETTLED,2025-06-27 05:18:35
30746,Alex Miller,"32 Oak Street, Cork",COLLECTIONS,CANCEL4,2025-06-27 05:25:31
95274,Laura Jones,"120 Maple Avenue, Kilkenny",LEGAL,LEG_NOT,2025-06-27 07:30:03
86693,James Jones,"164 Cedar Lane, Kilkenny",LEGAL,LEG_TIT,2025-06-27 14:02:42
40540,Daniel Martinez,"168 Pine Road, Cork",TRACE,GONEAWAY,2025-06-27 18:39:08
81634,David Jones,"195 Hillcrest Road, Dublin",LEGAL,LEG_TIT,2025-06-27 19:54:40
54296,Alex Garcia,"135 Oak Street, Belfast",PAYING,PAY PROP,2025-06-27 23:39:07
14117,Sophia Jones,"44 Cedar Lane, Dublin",SETTLED,SETTLED,2025-06-28 00:31:10
84256,Sarah Brown,"185 Elm Street, Waterford",TRACE,GONEAWAY,2025-06-28 03:33:32
58064,Emma Williams,"123 Elm Street, Waterford",TRACE,GONEAWAY,2025-06-28 14:20:41
86693,James Jones,"164 Cedar Lane, Kilkenny",TRACE,GONEAWAY,2025-06-28 14:57:03
31933,David Williams,"15 Elm Street, Cork",LEGAL,LEG_NOT,2025-06-29 00:13:14
57417,Daniel Smith,"175 Hillcrest Road, Limerick",COLLECTIONS,TELSOLUTIONS4,2025-06-29 00:53:02
57074,James Jones,"76 Sunset Boulevard, Dublin",COLLECTIONS,CANCEL2,2025-06-29 01:01:44
83776,Maria Smith,"105 Pine Road, Kilkenny",TRACE,GONEAWAY,2025-06-29 02:08:51
77262,Daniel Garcia,"46 Sunset Boulevard, Limerick",INSOLVENCY,INS1,2025-06-29 04:09:25
13787,Laura Wilson,"88 Elm Street, Cork",SETTLED,SETTLED,2025-06-29 04:37:08
42252,Sophia Johnson,"150 Sunset Boulevard, Kilkenny",TRACE,GONEAWAY,2025-06-29 06:39:54
62692,Maria Miller,"186 Maple Avenue, Sligo",TRACE,GONEAWAY,2025-06-29 06:50:25
58984,Daniel Brown,"123 Pine Road, Cork",PAYING,PAY CURR,2025-06-29 08:16:10
13664,Emma Wilson,"1 Cedar Lane, Galway",COLLECTIONS,CASSIST2,2025-06-29 09:32:12
66463,John Wilson,"104 Sunset Boulevard, Kilkenny",PAYING,PAY CURR,2025-06-29 12:55:53
84455,Daniel Smith,"118 Maple Avenue, Galway",INSOLVENCY,INS2,2025-06-29 13:33:46
32687,Michael Wilson,"97 Cedar Lane, Dublin",COLLECTIONS,TELSOLUTIONS1,2025-06-29 15:30:27
48880,Alex Martinez,"85 Pine Road, Kilkenny",TRACE,GONEAWAY,2025-06-29 17:48:27
31527,Sarah Garcia,"145 Oak Street, Kilkenny",SETTLED,SETTLED,2025-06-29 19:21:13
13484,Maria Davis,"129 Cedar Lane, Galway",COLLECTIONS,PRIME,2025-06-29 20:24:57
77356,Daniel Martinez,"158 Oak Street, Sligo",LEGAL,LEG_NOT,2025-06-29 21:47:01
73634,Daniel Johnson,"43 Hillcrest Road, Waterford",PAYING,PAY PROP,2025-06-30 02:48:20
73556,Emma Rodriguez,"154 Oak Street, Belfast",OTHER,ARCHIVED,2025-06-30 08:34:01
46369,Emma Jones,"85 Sunset Boulevard, Sligo",PAYING,PAY PROP,2025-06-30 11:01:45
16628,Sarah Rodriguez,"164 Pine Road, Galway",LEGAL,LEG_TIT,2025-06-30 12:30:51
46545,David Davis,"101 Sunset Boulevard, Waterford",OTHER,ARCHIVED,2025-06-30 13:45:31
74228,Sarah Martinez,"44 Sunset Boulevard, Sligo",LEGAL,LEG VERIF 1,2025-06-30 16:00:42
85043,Sarah Rodriguez,"103 Cedar Lane, Cork",LEGAL,LEG VERIF 1,2025-06-30 16:56:18
94956,Alex Jones,"144 Riverside Drive, Limerick",PAYING,PAY PROP,2025-06-30 21:55:00
88716,Emma Rodriguez,"113 Cedar Lane, Galway",SETTLED,SETTLED,2025-06-30 23:19:16
52609,Sophia Brown,"53 Pine Road, Limerick",COLLECTIONS,CANCEL4,2025-06-30 23:35:55
50973,Emma Miller,"128 Maple Avenue, Galway",OTHER,ARCHIVED,2025-07-01 01:10:10
49171,John Martinez,"172 Hillcrest Road, Dublin",OTHER,ARCHIVED,2025-07-01 01:27:55
92889,John Martinez,"90 Cedar Lane, Waterford",OTHER,ARCHIVED,2025-07-01 02:49:16
56961,John Brown,"83 Riverside Drive, Galway",OTHER,ARCHIVED,2025-07-01 03:28:19
54549,Olivia Miller,"41 Hillcrest Road, Kilkenny",OTHER,ARCHIVED,2025-07-01 14:04:12
35227,Emma Brown,"44 Hillcrest Road, Sligo",COLLECTIONS,PAY OVER,2025-07-01 14:52:43
19413,Sophia Jones,"52 Sunset Boulevard, Limerick",OTHER,ARCHIVED,2025-07-01 15:51:30
74104,Sarah Rodriguez,"106 Riverside Drive, Kilkenny",INSOLVENCY,INS1,2025-07-01 15:54:38
85441,John Garcia,"125 Hillcrest Road, Sligo",TRACE,GONEAWAY,2025-07-01 17:05:47
67701,Alex Brown,"116 Maple Avenue, Waterford",TRACE,GONEAWAY,2025-07-01 21:20:35
54885,Olivia Williams,"53 Riverside Drive, Galway",COLLECTIONS,CANCEL4,2025-07-01 23:44:19
39966,Alex Johnson,"2 Riverside Drive, Limerick",SETTLED,SETTLED,2025-07-02 00:12:26
57819,John Garcia,"141 Elm Street, Sligo",COLLECTIONS,CANCEL4,2025-07-02 00:58:51
59344,Olivia Jones,"160 Sunset Boulevard, Limerick",COLLECTIONS,PRIME,2025-07-02 02:58:34
89637,Olivia Smith,"50 Cedar Lane, Dublin",TRACE,GONEAWAY,2025-07-02 03:03:55
37628,Maria Johnson,"30 Pine Road, Cork",LEGAL,LEG VERIF 1,2025-07-02 04:30:53
98298,Sarah Williams,"118 Elm Street, Cork",TRACE,GONEAWAY,2025-07-02 04:33:23
65428,David Jones,"35 Hillcrest Road, Limerick",OTHER,ARCHIVED,2025-07-02 04:49:45
59502,Emma Garcia,"105 Hillcrest Road, Cork",OTHER,ARCHIVED,2025-07-02 05:49:31
79212,Sophia Rodriguez,"177 Oak Street, Belfast",LEGAL,LEG_NOT,2025-07-02 09:15:57
18486,Olivia Rodriguez,"20 Oak Street, Dublin",COLLECTIONS,TELSOLUTIONS4,2025-07-02 09:52:58
66158,Emma Martinez,"99 Cedar Lane, Waterford",COLLECTIONS,CASSIST2,2025-07-02 11:05:24
85922,John Rodriguez,"94 Pine Road, Sligo",TRACE,GONEAWAY,2025-07-02 11:32:32
53016,Laura Johnson,"197 Oak Street, Belfast",SETTLED,SETTLED,2025-07-02 12:00:14
26096,Sarah Jones,"154 Elm Street, Sligo",PAYING,PAY PROP,2025-07-02 15:57:36
77535,Michael Johnson,"25 Maple Avenue, Sligo",PAYING,PAY CURR,2025-07-02 16:18:09
90213,Laura Smith,"33 Riverside Drive, Kilkenny",SETTLED,SETTLED,2025-07-02 16:42:46
82269,Maria Martinez,"175 Oak Street, Galway",PAYING,PAY CURR,2025-07-02 16:58:01
62595,Sarah Davis,"25 Pine Road, Sligo",INSOLVENCY,INS4,2025-07-02 21:38:16
39453,James Smith,"166 Cedar Lane, Limerick",TRACE,GONEAWAY,2025-07-02 22:50:23
51596,James Rodriguez,"150 Oak Street, Sligo",PAYING,PAY CURR,2025-07-03 08:46:06
16198,Laura Williams,"167 Elm Street, Limerick",COLLECTIONS,TELSOLUTIONS4,2025-07-03 14:34:27
47933,Emma Brown,"79 Elm Street, Kilkenny",TRACE,GONEAWAY,2025-07-04 00:54:26
80893,Alex Wilson,"36 Cedar Lane, Sligo",COLLECTIONS,PAY OVER,2025-07-04 01:25:12
37988,Olivia Martinez,"80 Sunset Boulevard, Belfast",SETTLED,SETTLED,2025-07-04 02:24:55
57663,John Johnson,"101 Oak Street, Belfast",PAYING,PAY PROP,2025-07-04 03:45:32
83785,Sophia Martinez,"141 Hillcrest Road, Cork",TRACE,GONEAWAY,2025-07-04 04:14:40
78633,James Davis,"20 Maple Avenue, Waterford",OTHER,ARCHIVED,2025-07-04 11:22:28
39629,Michael Jones,"178 Cedar Lane, Sligo",PAYING,PAY CURR,2025-07-04 13:52:14
38921,David Rodriguez,"132 Pine Road, Belfast",COLLECTIONS,PRIME,2025-07-04 15:01:09
27800,Olivia Davis,"28 Sunset Boulevard, Waterford",COLLECTIONS,CANCEL2,2025-07-04 16:02:45
55044,Emma Wilson,"74 Riverside Drive, Galway",COLLECTIONS,CANCEL4,2025-07-04 17:05:07
32998,James Wilson,"1 Elm Street, Galway",LEGAL,LEG VERIF 2,2025-07-04 19:43:14
45153,Sophia Davis,"16 Maple Avenue, Kilkenny",OTHER,ARCHIVED,2025-07-04 19:55:03
30943,Sarah Brown,"85 Sunset Boulevard, Dublin",COLLECTIONS,PRIME,2025-07-04 21:37:25
67396,Maria Johnson,"32 Riverside Drive, Sligo",SETTLED,SETTLED,2025-07-04 22:01:41
70437,Olivia Miller,"185 Oak Street, Belfast",COLLECTIONS,CASSIST2,2025-07-04 22:26:45
21489,Daniel Jones,"50 Riverside Drive, Galway",SETTLED,SETTLED,2025-07-04 22:59:47
86693,James Jones,"164 Cedar Lane, Kilkenny",OTHER,ARCHIVED,2025-07-05 03:16:23
65156,Sarah Smith,"138 Elm Street, Galway",SETTLED,SETTLED,2025-07-05 04:31:04
33687,Michael Wilson,"175 Pine Road, Belfast",COLLECTIONS,TELSOLUTIONS1,2025-07-05 06:10:11
29593,Laura Jones,"9 Cedar Lane, Dublin",OTHER,ARCHIVED,2025-07-05 08:39:38
54718,Emma Davis,"115 Oak Street, Sligo",PAYING,PAY PROP,2025-07-05 09:58:54
13664,Emma Wilson,"1 Cedar Lane, Galway",TRACE,GONEAWAY,2025-07-05 10:56:41
66216,Sophia Smith,"182 Pine Road, Limerick",OTHER,ARCHIVED,2025-07-05 11:14:07
58120,Alex Jones,"138 Riverside Drive, Kilkenny",TRACE,GONEAWAY,2025-07-05 12:11:07
27620,Daniel Wilson,"79 Sunset Boulevard, Sligo",INSOLVENCY,INS2,2025-07-05 14:50:04
82269,Maria Martinez,"175 Oak Street, Galway",OTHER,ARCHIVED,2025-07-05 21:17:25
58064,Emma Williams,"123 Elm Street, Waterford",TRACE,GONEAWAY,2025-07-05 22:12:53
93257,Daniel Williams,"50 Riverside Drive, Sligo",LEGAL,LEG VERIF 1,2025-07-05 23:13:28
27800,Olivia Davis,"28 Sunset Boulevard, Waterford",PAYING,PAY PROP,2025-07-06 02:16:17
11449,Daniel Miller,"6 Hillcrest Road, Waterford",SETTLED,SETTLED,2025-07-06 03:17:09
89612,Daniel Jones,"194 Cedar Lane, Cork",COLLECTIONS,CANCEL2,2025-07-06 05:24:19
94638,David Wilson,"139 Cedar Lane, Cork",OTHER,ARCHIVED,2025-07-06 07:21:58
49823,Alex Jones,"1 Maple Avenue, Belfast",COLLECTIONS,PAY OVER,2025-07-06 07:30:23
84455,Daniel Smith,"118 Maple Avenue, Galway",SETTLED,SETTLED,2025-07-06 08:44:43
49171,John Martinez,"172 Hillcrest Road, Dublin",INSOLVENCY,INS4,2025-07-06 10:59:54
80893,Alex Wilson,"36 Cedar Lane, Sligo",OTHER,ARCHIVED,2025-07-06 11:45:15
81634,David Jones,"195 Hillcrest Road, Dublin",OTHER,ARCHIVED,2025-07-06 12:37:31
30531,Sarah Garcia,"107 Sunset Boulevard, Waterford",PAYING,PAY PROP,2025-07-06 13:16:07
43108,Maria Martinez,"109 Sunset Boulevard, Kilkenny",OTHER,ARCHIVED,2025-07-06 13:45:25
17232,Laura Wilson,"71 Cedar Lane, Waterford",INSOLVENCY,INS1,2025-07-06 15:19:21
42371,David Williams,"102 Elm Street, Belfast",OTHER,ARCHIVED,2025-07-06 16:30:47
91558,Sophia Rodriguez,"139 Riverside Drive, Galway",SETTLED,SETTLED,2025-07-06 18:19:47
46545,David Davis,"101 Sunset Boulevard, Waterford",INSOLVENCY,INS1,2025-07-06 18:52:09
85922,John Rodriguez,"94 Pine Road, Sligo",PAYING,PAY CURR,2025-07-06 19:03:52
79521,Sophia Jones,"196 Sunset Boulevard, Cork",COLLECTIONS,PRIME,2025-07-06 20:27:34
88654,Michael Rodriguez,"128 Oak Street, Kilkenny",TRACE,GONEAWAY,2025-07-06 20:50:45
86543,Sophia Davis,"180 Hillcrest Road, Belfast",TRACE,GONEAWAY,2025-07-06 23:37:44
17413,Emma Martinez,"195 Riverside Drive, Kilkenny",TRACE,GONEAWAY,2025-07-07 02:56:32
65428,David Jones,"35 Hillcrest Road, Limerick",LEGAL,HOLD FO,2025-07-07 05:29:35
97132,Sophia Jones,"183 Oak Street, Belfast",LEGAL,LEG_TIT,2025-07-07 18:52:02
85466,David Williams,"131 Cedar Lane, Dublin",LEGAL,LEG_NOT,2025-07-07 21:01:40
48606,John Martinez,"33 Elm Street, Waterford",PAYING,PAY CURR,2025-07-07 23:02:42
43403,Laura Brown,"183 Hillcrest Road, Dublin",OTHER,ARCHIVED,2025-07-08 01:30:38
21707,Michael Rodriguez,"81 Pine Road, Dublin",OTHER,ARCHIVED,2025-07-08 05:55:29
48606,John Martinez,"33 Elm Street, Waterford",SETTLED,SETTLED,2025-07-08 06:02:53
66138,John Jones,"170 Hillcrest Road, Sligo",COLLECTIONS,CANCEL2,2025-07-08 12:25:25
27223,Sophia Rodriguez,"165 Cedar Lane, Kilkenny",PAYING,PAY PROP,2025-07-09 08:02:44
89082,Michael Smith,"188 Hillcrest Road, Belfast",PAYING,PAY CURR,2025-07-09 09:55:51
67443,Sarah Brown,"134 Cedar Lane, Galway",PAYING,PAY CURR,2025-07-09 12:01:43
39116,Olivia Johnson,"62 Oak Street, Cork",PAYING,PAY PROP,2025-07-09 13:43:03
46494,Laura Johnson,"178 Cedar Lane, Sligo",LEGAL,LEG_NOT,2025-07-09 13:50:06
84845,Sarah Rodriguez,"89 Riverside Drive, Waterford",LEGAL,LEG_TIT,2025-07-09 16:01:13
55044,Emma Wilson,"74 Riverside Drive, Galway",OTHER,ARCHIVED,2025-07-09 18:46:50
58064,Emma Williams,"123 Elm Street, Waterford",SETTLED,SETTLED,2025-07-09 19:24:54
39629,Michael Jones,"178 Cedar Lane, Sligo",SETTLED,SETTLED,2025-07-10 02:19:17
47984,Sarah Brown,"111 Riverside Drive, Kilkenny",COLLECTIONS,TELSOLUTIONS4,2025-07-10 02:28:05
69313,Alex Davis,"143 Riverside Drive, Cork",LEGAL,LEG_TIT,2025-07-10 10:30:35
49999,James Miller,"47 Riverside Drive, Limerick",LEGAL,LEG VERIF 1,2025-07-10 14:15:04
37988,Olivia Martinez,"80 Sunset Boulevard, Belfast",COLLECTIONS,TELSOLUTIONS1,2025-07-10 17:40:06
30817,Daniel Johnson,"134 Hillcrest Road, Limerick",LEGAL,LEG_NOT,2025-07-10 20:49:06
61279,Maria Smith,"51 Maple Avenue, Dublin",TRACE,GONEAWAY,2025-07-11 04:35:00
27223,Sophia Rodriguez,"165 Cedar Lane, Kilkenny",COLLECTIONS,CANCEL4,2025-07-11 08:07:17
61708,John Davis,"142 Elm Street, Dublin",INSOLVENCY,INSP,2025-07-11 14:02:40
48786,Sophia Martinez,"56 Hillcrest Road, Dublin",TRACE,GONEAWAY,2025-07-11 23:45:41
30746,Alex Miller,"32 Oak Street, Cork",OTHER,ARCHIVED,2025-07-12 02:01:29
98172,Emma Williams,"110 Cedar Lane, Limerick",TRACE,GONEAWAY,2025-07-12 03:03:03
33057,Olivia Jones,"21 Hillcrest Road, Cork",SETTLED,SETTLED,2025-07-12 03:05:41
91658,Olivia Davis,"106 Cedar Lane, Sligo",LEGAL,LEG_TIT,2025-07-12 05:16:01
46588,Laura Miller,"68 Cedar Lane, Dublin",COLLECTIONS,CANCEL2,2025-07-12 05:31:10
37798,Sarah Wilson,"54 Elm Street, Cork",COLLECTIONS,TELSOLUTIONS4,2025-07-12 07:01:54
26168,Maria Williams,"120 Cedar Lane, Belfast",PAYING,PAY CURR,2025-07-12 11:25:25
69791,Michael Rodriguez,"160 Maple Avenue, Belfast",COLLECTIONS,PRIME,2025-07-12 13:02:19
86646,Sarah Williams,"29 Hillcrest Road, Galway",TRACE,GONEAWAY,2025-07-12 17:20:02
66463,John Wilson,"104 Sunset Boulevard, Kilkenny",SETTLED,SETTLED,2025-07-12 18:07:56
59505,Daniel Wilson,"113 Pine Road, Limerick",SETTLED,SETTLED,2025-07-12 22:55:04
20507,Olivia Rodriguez,"17 Maple Avenue, Dublin",LEGAL,LEG_TIT,2025-07-13 00:50:00
37744,Sophia Miller,"115 Oak Street, Limerick",PAYING,PAY PROP,2025-07-13 02:21:38
77262,Daniel Garcia,"46 Sunset Boulevard, Limerick",OTHER,ARCHIVED,2025-07-13 02:25:58
89946,John Brown,"125 Maple Avenue, Cork",COLLECTIONS,CANCEL4,2025-07-13 03:26:13
72838,Laura Martinez,"18 Elm Street, Waterford",COLLECTIONS,PRIME,2025-07-13 03:43:18
26232,Daniel Davis,"106 Pine Road, Belfast",PAYING,PAY CURR,2025-07-13 04:04:21
48786,Sophia Martinez,"56 Hillcrest Road, Dublin",COLLECTIONS,CANCEL4,2025-07-13 07:01:19
43403,Laura Brown,"183 Hillcrest Road, Dublin",TRACE,GONEAWAY,2025-07-13 09:59:09
71914,Daniel Johnson,"76 Riverside Drive, Belfast",SETTLED,SETTLED,2025-07-13 10:26:43
62692,Maria Miller,"186 Maple Avenue, Sligo",PAYING,PAY CURR,2025-07-13 11:01:01
44476,David Martinez,"26 Cedar Lane, Cork",INSOLVENCY,INSP,2025-07-13 13:36:25
98909,Michael Rodriguez,"83 Maple Avenue, Limerick",PAYING,PAY CURR,2025-07-13 13:38:59
97730,Olivia Smith,"186 Sunset Boulevard, Limerick",LEGAL,LEG VERIF 1,2025-07-13 14:20:55
89176,Sarah Johnson,"105 Cedar Lane, Galway",OTHER,ARCHIVED,2025-07-13 17:19:08
98254,Sarah Rodriguez,"3 Pine Road, Sligo",INSOLVENCY,INS2,2025-07-13 17:39:49
16198,Laura Williams,"167 Elm Street, Limerick",OTHER,ARCHIVED,2025-07-13 20:34:50
13883,David Smith,"74 Sunset Boulevard, Cork",PAYING,PAY PROP,2025-07-13 22:18:45
97132,Sophia Jones,"183 Oak Street, Belfast",SETTLED,SETTLED,2025-07-13 23:38:29
58473,Sophia Brown,"162 Elm Street, Galway",TRACE,GONEAWAY,2025-07-14 00:36:57
20233,Michael Davis,"60 Riverside Drive, Belfast",INSOLVENCY,INS1,2025-07-14 00:38:23
26514,Sophia Smith,"135 Sunset Boulevard, Limerick",SETTLED,SETTLED,2025-07-14 01:09:19
86646,Sarah Williams,"29 Hillcrest Road, Galway",SETTLED,SETTLED,2025-07-14 01:14:55
91678,Laura Garcia,"104 Cedar Lane, Waterford",PAYING,PAY CURR,2025-07-14 01:32:20
26686,James Johnson,"43 Riverside Drive, Waterford",LEGAL,HOLD FO,2025-07-14 02:02:41
29600,Daniel Martinez,"184 Elm Street, Limerick",OTHER,ARCHIVED,2025-07-14 04:20:31
87459,Alex Jones,"102 Cedar Lane, Belfast",LEGAL,LEG VERIF 1,2025-07-14 09:10:37
38921,David Rodriguez,"132 Pine Road, Belfast",TRACE,GONEAWAY,2025-07-14 10:00:57
61934,Sarah Johnson,"36 Maple Avenue, Cork",SETTLED,SETTLED,2025-07-14 12:26:24
10506,David Jones,"106 Pine Road, Waterford",INSOLVENCY,INS3,2025-07-14 13:11:19
91435,David Smith,"2 Sunset Boulevard, Dublin",PAYING,PAY CURR,2025-07-14 13:22:11
34629,Alex Martinez,"67 Sunset Boulevard, Galway",OTHER,ARCHIVED,2025-07-14 17:21:14
61708,John Davis,"142 Elm Street, Dublin",TRACE,GONEAWAY,2025-07-14 18:01:12
10388,Laura Garcia,"58 Elm Street, Dublin",OTHER,ARCHIVED,2025-07-14 19:57:24
77535,Michael Johnson,"25 Maple Avenue, Sligo",OTHER,ARCHIVED,2025-07-14 23:32:11
53016,Laura Johnson,"197 Oak Street, Belfast",SETTLED,SETTLED,2025-07-15 04:16:50
81469,Sarah Johnson,"130 Elm Street, Belfast",PAYING,PAY CURR,2025-07-15 06:33:23
17346,Daniel Wilson,"37 Riverside Drive, Limerick",SETTLED,SETTLED,2025-07-15 07:33:24
65428,David Jones,"35 Hillcrest Road, Limerick",SETTLED,SETTLED,2025-07-15 11:14:43
19413,Sophia Jones,"52 Sunset Boulevard, Limerick",LEGAL,LEG_NOT,2025-07-15 11:39:55
58473,Sophia Brown,"162 Elm Street, Galway",PAYING,PAY CURR,2025-07-15 11:59:45
79212,Sophia Rodriguez,"177 Oak Street, Belfast",LEGAL,LEG_TIT,2025-07-15 15:10:50
22367,Maria Martinez,"51 Elm Street, Dublin",OTHER,ARCHIVED,2025-07-15 17:22:17
34650,Daniel Miller,"37 Elm Street, Belfast",COLLECTIONS,CASSIST2,2025-07-15 19:12:18
35861,David Johnson,"103 Cedar Lane, Galway",SETTLED,SETTLED,2025-07-15 19:18:42
15680,John Miller,"125 Sunset Boulevard, Sligo",LEGAL,LEG_NOT,2025-07-16 01:45:15
51596,James Rodriguez,"150 Oak Street, Sligo",LEGAL,HOLD FO,2025-07-16 04:01:31
88333,Olivia Brown,"145 Riverside Drive, Belfast",OTHER,ARCHIVED,2025-07-16 05:13:04
85557,James Smith,"69 Oak Street, Kilkenny",LEGAL,LEG_NOT,2025-07-16 07:29:53
28382,Daniel Miller,"64 Maple Avenue, Kilkenny",TRACE,GONEAWAY,2025-07-16 07:34:22
26168,Maria Williams,"120 Cedar Lane, Belfast",SETTLED,SETTLED,2025-07-16 08:34:47
91001,Maria Martinez,"127 Maple Avenue, Waterford",OTHER,ARCHIVED,2025-07-16 10:55:09
95274,Laura Jones,"120 Maple Avenue, Kilkenny",TRACE,GONEAWAY,2025-07-16 12:33:15
27543,John Jones,"90 Elm Street, Kilkenny",OTHER,ARCHIVED,2025-07-16 14:05:20
25733,David Brown,"63 Sunset Boulevard, Kilkenny",OTHER,ARCHIVED,2025-07-16 15:30:30
86650,David Rodriguez,"156 Sunset Boulevard, Kilkenny",COLLECTIONS,TELSOLUTIONS1,2025-07-16 18:07:40
57663,John Johnson,"101 Oak Street, Belfast",SETTLED,SETTLED,2025-07-16 19:10:14
33057,Olivia Jones,"21 Hillcrest Road, Cork",COLLECTIONS,PRIME_D,2025-07-16 21:24:37
11356,Maria Williams,"147 Oak Street, Galway",COLLECTIONS,CANCEL2,2025-07-16 23:12:07
59505,Daniel Wilson,"113 Pine Road, Limerick",SETTLED,SETTLED,2025-07-17 05:13:35
42371,David Williams,"102 Elm Street, Belfast",TRACE,GONEAWAY,2025-07-17 05:56:51
82269,Maria Martinez,"175 Oak Street, Galway",LEGAL,HOLD FO,2025-07-17 06:21:02
52697,Sarah Davis,"39 Hillcrest Road, Sligo",PAYING,PAY PROP,2025-07-17 06:24:32
36810,Maria Martinez,"81 Riverside Drive, Belfast",SETTLED,SETTLED,2025-07-17 06:38:07
63223,Daniel Smith,"39 Oak Street, Kilkenny",PAYING,PAY PROP,2025-07-17 09:22:43
91001,Maria Martinez,"127 Maple Avenue, Waterford",PAYING,PAY PROP,2025-07-17 10:13:40
17948,Alex Martinez,"128 Riverside Drive, Kilkenny",TRACE,GONEAWAY,2025-07-17 11:07:37
86494,Laura Jones,"188 Sunset Boulevard, Dublin",OTHER,ARCHIVED,2025-07-17 12:14:48
69833,Laura Garcia,"200 Hillcrest Road, Kilkenny",PAYING,PAY PROP,2025-07-17 12:43:03
86494,Laura Jones,"188 Sunset Boulevard, Dublin",PAYING,PAY CURR,2025-07-17 13:13:19
52609,Sophia Brown,"53 Pine Road, Limerick",SETTLED,SETTLED,2025-07-17 15:51:05
70629,Michael Rodriguez,"172 Oak Street, Belfast",OTHER,ARCHIVED,2025-07-18 02:43:15
29210,David Brown,"69 Oak Street, Kilkenny",PAYING,PAY CURR,2025-07-18 10:06:44
26232,Daniel Davis,"106 Pine Road, Belfast",OTHER,ARCHIVED,2025-07-19 03:16:57
72340,John Rodriguez,"58 Pine Road, Belfast",PAYING,PAY CURR,2025-07-19 04:01:20
34629,Alex Martinez,"67 Sunset Boulevard, Galway",INSOLVENCY,INS2,2025-07-19 04:15:21
36810,Maria Martinez,"81 Riverside Drive, Belfast",OTHER,ARCHIVED,2025-07-19 04:34:01
28382,Daniel Miller,"64 Maple Avenue, Kilkenny",SETTLED,SETTLED,2025-07-19 05:18:03
77535,Michael Johnson,"25 Maple Avenue, Sligo",PAYING,PAY CURR,2025-07-19 10:10:06
31172,Olivia Smith,"102 Sunset Boulevard, Dublin",LEGAL,LEG_TIT,2025-07-19 11:12:14
91435,David Smith,"2 Sunset Boulevard, Dublin",SETTLED,SETTLED,2025-07-19 12:59:44
46494,Laura Johnson,"178 Cedar Lane, Sligo",OTHER,ARCHIVED,2025-07-19 13:38:31
95230,Sophia Rodriguez,"48 Sunset Boulevard, Limerick",COLLECTIONS,TELSOLUTIONS4,2025-07-19 16:01:43
74104,Sarah Rodriguez,"106 Riverside Drive, Kilkenny",COLLECTIONS,TELSOLUTIONS1,2025-07-19 16:03:13
91558,Sophia Rodriguez,"139 Riverside Drive, Galway",OTHER,ARCHIVED,2025-07-19 17:38:32
46992,James Williams,"15 Cedar Lane, Dublin",OTHER,ARCHIVED,2025-07-19 19:08:49
58984,Daniel Brown,"123 Pine Road, Cork",PAYING,PAY CURR,2025-07-19 19:50:01
82324,David Smith,"60 Maple Avenue, Limerick",LEGAL,LEG VERIF 1,2025-07-19 20:32:15
13787,Laura Wilson,"88 Elm Street, Cork",COLLECTIONS,PRIME_D,2025-07-19 22:46:47
62106,Laura Brown,"183 Riverside Drive, Galway",INSOLVENCY,INS3,2025-07-19 22:58:42
91710,Olivia Williams,"53 Sunset Boulevard, Limerick",OTHER,ARCHIVED,2025-07-19 23:47:05
58064,Emma Williams,"123 Elm Street, Waterford",OTHER,ARCHIVED,2025-07-20 01:01:33
59791,Emma Martinez,"93 Elm Street, Cork",SETTLED,SETTLED,2025-07-20 02:51:28
17880,Emma Davis,"52 Pine Road, Cork",TRACE,GONEAWAY,2025-07-20 03:26:41
55044,Emma Wilson,"74 Riverside Drive, Galway",TRACE,GONEAWAY,2025-07-20 03:40:06
66787,Alex Rodriguez,"26 Elm Street, Sligo",PAYING,PAY PROP,2025-07-20 03:45:28
66138,John Jones,"170 Hillcrest Road, Sligo",COLLECTIONS,PRIME_D,2025-07-20 04:09:21
19372,Michael Johnson,"33 Maple Avenue, Belfast",LEGAL,LEG VERIF 1,2025-07-20 08:33:03
86086,Laura Garcia,"68 Pine Road, Sligo",INSOLVENCY,INSP,2025-07-20 08:39:32
83620,David Wilson,"122 Pine Road, Waterford",SETTLED,SETTLED,2025-07-20 10:04:44
67396,Maria Johnson,"32 Riverside Drive, Sligo",LEGAL,LEG_TIT,2025-07-20 10:08:04
88654,Michael Rodriguez,"128 Oak Street, Kilkenny",OTHER,ARCHIVED,2025-07-20 11:41:54
47450,Olivia Smith,"2 Cedar Lane, Limerick",LEGAL,LEG VERIF 2,2025-07-20 18:20:55
67687,Maria Martinez,"196 Riverside Drive, Belfast",PAYING,PAY PROP,2025-07-20 19:19:32
34650,Daniel Miller,"37 Elm Street, Belfast",INSOLVENCY,INS4,2025-07-20 19:46:28
53017,Daniel Smith,"120 Hillcrest Road, Belfast",LEGAL,LEG VERIF 2,2025-07-20 22:18:57
47862,James Williams,"77 Riverside Drive, Galway",INSOLVENCY,INS1,2025-07-21 01:23:31
34108,Laura Jones,"183 Pine Road, Galway",OTHER,ARCHIVED,2025-07-21 01:45:38
86646,Sarah Williams,"29 Hillcrest Road, Galway",LEGAL,HOLD FO,2025-07-21 04:09:04
51246,Sarah Williams,"142 Oak Street, Limerick",TRACE,GONEAWAY,2025-07-21 04:18:46
98254,Sarah Rodriguez,"3 Pine Road, Sligo",COLLECTIONS,CANCEL4,2025-07-21 08:25:39
75723,Olivia Williams,"141 Pine Road, Waterford",TRACE,GONEAWAY,2025-07-21 15:37:58
89946,John Brown,"125 Maple Avenue, Cork",OTHER,ARCHIVED,2025-07-21 16:21:34
86543,Sophia Davis,"180 Hillcrest Road, Belfast",COLLECTIONS,CANCEL4,2025-07-21 16:57:11
17993,Alex Smith,"170 Sunset Boulevard, Belfast",LEGAL,HOLD FO,2025-07-21 19:57:38
31233,Daniel Wilson,"55 Maple Avenue, Waterford",INSOLVENCY,INS1,2025-07-21 20:26:00
82487,Daniel Miller,"195 Riverside Drive, Belfast",COLLECTIONS,CASSIST2,2025-07-21 21:04:14
85441,John Garcia,"125 Hillcrest Road, Sligo",PAYING,PAY CURR,2025-07-21 22:32:32
47532,Sophia Jones,"89 Riverside Drive, Sligo",LEGAL,HOLD FO,2025-07-21 23:41:09
40198,Alex Williams,"6 Maple Avenue, Kilkenny",OTHER,ARCHIVED,2025-07-22 01:43:49
40733,Daniel Miller,"77 Cedar Lane, Belfast",COLLECTIONS,CASSIST2,2025-07-22 08:52:14
91402,Alex Rodriguez,"161 Hillcrest Road, Dublin",OTHER,ARCHIVED,2025-07-23 00:02:07
17320,Maria Martinez,"117 Sunset Boulevard, Belfast",PAYING,PAY PROP,2025-07-23 00:32:56
79521,Sophia Jones,"196 Sunset Boulevard, Cork",OTHER,ARCHIVED,2025-07-23 01:03:59
16077,Alex Jones,"35 Riverside Drive, Waterford",PAYING,PAY CURR,2025-07-23 01:37:56
26066,James Jones,"161 Pine Road, Waterford",INSOLVENCY,INS4,2025-07-23 01:58:04
87394,Daniel Smith,"142 Sunset Boulevard, Waterford",INSOLVENCY,INS4,2025-07-23 02:09:38
30496,John Wilson,"28 Riverside Drive, Galway",TRACE,GONEAWAY,2025-07-23 02:13:10
68861,Emma Rodriguez,"115 Sunset Boulevard, Cork",PAYING,PAY CURR,2025-07-23 02:23:48
16198,Laura Williams,"167 Elm Street, Limerick",SETTLED,SETTLED,2025-07-23 02:56:05
94956,Alex Jones,"144 Riverside Drive, Limerick",SETTLED,SETTLED,2025-07-23 04:50:58
67396,Maria Johnson,"32 Riverside Drive, Sligo",PAYING,PAY PROP,2025-07-23 08:39:10
71048,Maria Brown,"124 Maple Avenue, Belfast",PAYING,PAY PROP,2025-07-23 08:46:32
89082,Michael Smith,"188 Hillcrest Road, Belfast",LEGAL,LEG_TIT,2025-07-23 12:12:35
73732,Laura Williams,"139 Maple Avenue, Galway",PAYING,PAY CURR,2025-07-23 12:58:22
80451,Sophia Wilson,"3 Hillcrest Road, Cork",LEGAL,LEG_NOT,2025-07-23 13:45:58
47862,James Williams,"77 Riverside Drive, Galway",INSOLVENCY,INS4,2025-07-23 16:23:34
40733,Daniel Miller,"77 Cedar Lane, Belfast",INSOLVENCY,INS3,2025-07-23 18:02:24
27482,Sophia Smith,"93 Elm Street, Dublin",COLLECTIONS,PRIME_D,2025-07-23 20:37:59
25000,Maria Martinez,"48 Elm Street, Galway",SETTLED,SETTLED,2025-07-23 21:14:26
74428,Laura Martinez,"15 Cedar Lane, Kilkenny",LEGAL,LEG VERIF 1,2025-07-24 06:09:40
89637,Olivia Smith,"50 Cedar Lane, Dublin",OTHER,ARCHIVED,2025-07-24 08:55:38
44476,David Martinez,"26 Cedar Lane, Cork",PAYING,PAY CURR,2025-07-24 13:39:09
73980,Laura Martinez,"92 Cedar Lane, Limerick",COLLECTIONS,PAY OVER,2025-07-24 13:42:43
31527,Sarah Garcia,"145 Oak Street, Kilkenny",OTHER,ARCHIVED,2025-07-24 22:28:50
79521,Sophia Jones,"196 Sunset Boulevard, Cork",LEGAL,HOLD FO,2025-07-25 19:45:54
99755,Michael Johnson,"45 Pine Road, Kilkenny",LEGAL,LEG VERIF 1,2025-07-26 00:35:11
86543,Sophia Davis,"180 Hillcrest Road, Belfast",PAYING,PAY PROP,2025-07-26 01:30:52
61550,Maria Brown,"98 Riverside Drive, Galway",INSOLVENCY,INS2,2025-07-26 07:12:53
73556,Emma Rodriguez,"154 Oak Street, Belfast",TRACE,GONEAWAY,2025-07-26 09:31:18
69791,Michael Rodriguez,"160 Maple Avenue, Belfast",SETTLED,SETTLED,2025-07-26 11:44:09
34002,James Johnson,"200 Oak Street, Waterford",COLLECTIONS,CASSIST2,2025-07-26 16:59:11
19523,Michael Wilson,"179 Elm Street, Sligo",TRACE,GONEAWAY,2025-07-26 20:37:13
72278,Laura Davis,"100 Cedar Lane, Limerick",LEGAL,LEG_NOT,2025-07-26 20:47:23
91173,Sarah Wilson,"18 Pine Road, Cork",PAYING,PAY CURR,2025-07-26 21:00:37
50973,Emma Miller,"128 Maple Avenue, Galway",PAYING,PAY PROP,2025-07-26 21:20:21
25073,John Davis,"156 Elm Street, Galway",INSOLVENCY,INS3,2025-07-26 22:23:11
60048,Sophia Williams,"132 Hillcrest Road, Waterford",TRACE,GONEAWAY,2025-07-26 22:39:39
21453,John Garcia,"90 Sunset Boulevard, Waterford",INSOLVENCY,INS1,2025-07-26 23:02:51
84455,Daniel Smith,"118 Maple Avenue, Galway",LEGAL,LEG VERIF 1,2025-07-26 23:13:16
67303,Laura Smith,"145 Cedar Lane, Belfast",PAYING,PAY CURR,2025-07-27 01:05:44
65864,Maria Brown,"197 Hillcrest Road, Dublin",PAYING,PAY CURR,2025-07-27 02:00:30
69791,Michael Rodriguez,"160 Maple Avenue, Belfast",COLLECTIONS,PRIME,2025-07-27 02:08:38
96035,Laura Garcia,"59 Maple Avenue, Sligo",TRACE,GONEAWAY,2025-07-27 02:27:14
95274,Laura Jones,"120 Maple Avenue, Kilkenny",TRACE,GONEAWAY,2025-07-27 08:17:27
98298,Sarah Williams,"118 Elm Street, Cork",TRACE,GONEAWAY,2025-07-27 08:33:36
26096,Sarah Jones,"154 Elm Street, Sligo",OTHER,ARCHIVED,2025-07-27 12:52:08
86347,Michael Johnson,"31 Pine Road, Galway",COLLECTIONS,PRIME_D,2025-07-27 13:14:37
31172,Olivia Smith,"102 Sunset Boulevard, Dublin",TRACE,GONEAWAY,2025-07-27 13:45:36
45571,Emma Martinez,"93 Cedar Lane, Limerick",PAYING,PAY CURR,2025-07-27 14:01:43
66106,Michael Davis,"56 Pine Road, Galway",LEGAL,HOLD FO,2025-07-27 15:06:22
71242,James Davis,"9 Hillcrest Road, Kilkenny",INSOLVENCY,INS2,2025-07-27 16:04:54
27497,John Garcia,"165 Maple Avenue, Limerick",COLLECTIONS,CANCEL2,2025-07-27 16:07:03
81469,Sarah Johnson,"130 Elm Street, Belfast",INSOLVENCY,INS4,2025-07-27 20:13:14
39776,Maria Davis,"113 Maple Avenue, Kilkenny",TRACE,GONEAWAY,2025-07-27 20:29:12
20233,Michael Davis,"60 Riverside Drive, Belfast",INSOLVENCY,INS3,2025-07-27 21:02:50
39643,Emma Davis,"33 Elm Street, Cork",OTHER,ARCHIVED,2025-07-27 21:28:18
26168,Maria Williams,"120 Cedar Lane, Belfast",COLLECTIONS,PRIME,2025-07-27 23:07:54
13664,Emma Wilson,"1 Cedar Lane, Galway",COLLECTIONS,CANCEL4,2025-07-27 23:34:58
19413,Sophia Jones,"52 Sunset Boulevard, Limerick",COLLECTIONS,PAY OVER,2025-07-28 00:06:22
63368,John Johnson,"56 Elm Street, Limerick",OTHER,ARCHIVED,2025-07-28 03:12:43
56961,John Brown,"83 Riverside Drive, Galway",PAYING,PAY PROP,2025-07-28 03:29:31
41740,John Johnson,"78 Cedar Lane, Dublin",INSOLVENCY,INS1,2025-07-28 04:04:13
53131,Emma Garcia,"41 Elm Street, Sligo",TRACE,GONEAWAY,2025-07-28 04:30:33
78987,Maria Smith,"55 Oak Street, Limerick",PAYING,PAY PROP,2025-07-28 05:59:11
54341,Michael Davis,"164 Maple Avenue, Belfast",OTHER,ARCHIVED,2025-07-28 09:15:10
30943,Sarah Brown,"85 Sunset Boulevard, Dublin",SETTLED,SETTLED,2025-07-28 10:19:37
25000,Maria Martinez,"48 Elm Street, Galway",COLLECTIONS,TELSOLUTIONS1,2025-07-28 11:24:09
85441,John Garcia,"125 Hillcrest Road, Sligo",INSOLVENCY,INS4,2025-07-28 12:21:42
14961,John Davis,"179 Riverside Drive, Dublin",COLLECTIONS,PRIME_D,2025-07-28 14:20:07
36313,David Smith,"102 Sunset Boulevard, Sligo",COLLECTIONS,PRIME_D,2025-07-28 14:49:00
50973,Emma Miller,"128 Maple Avenue, Galway",SETTLED,SETTLED,2025-07-28 16:07:14
46545,David Davis,"101 Sunset Boulevard, Waterford",COLLECTIONS,PAY OVER,2025-07-28 17:35:24
41740,John Johnson,"78 Cedar Lane, Dublin",PAYING,PAY CURR,2025-07-28 17:44:46
32832,Sophia Davis,"68 Sunset Boulevard, Limerick",TRACE,GONEAWAY,2025-07-28 17:46:27
79792,David Smith,"72 Elm Street, Kilkenny",PAYING,PAY CURR,2025-07-28 18:10:30
68436,Emma Johnson,"189 Oak Street, Cork",INSOLVENCY,INS4,2025-07-28 19:57:33
34083,Michael Davis,"37 Hillcrest Road, Cork",INSOLVENCY,INS1,2025-07-29 00:00:46
19086,Laura Brown,"88 Cedar Lane, Sligo",SETTLED,SETTLED,2025-07-29 01:55:35
17993,Alex Smith,"170 Sunset Boulevard, Belfast",LEGAL,LEG VERIF 2,2025-07-29 01:59:43
34002,James Johnson,"200 Oak Street, Waterford",TRACE,GONEAWAY,2025-07-29 06:44:20
25733,David Brown,"63 Sunset Boulevard, Kilkenny",LEGAL,LEG_NOT,2025-07-29 13:32:55
85869,Sarah Miller,"159 Pine Road, Sligo",SETTLED,SETTLED,2025-07-29 16:51:59
13861,David Smith,"185 Maple Avenue, Dublin",PAYING,PAY CURR,2025-07-29 18:17:27
21489,Daniel Jones,"50 Riverside Drive, Galway",LEGAL,LEG_TIT,2025-07-29 20:44:13
59505,Daniel Wilson,"113 Pine Road, Limerick",LEGAL,LEG_TIT,2025-07-29 23:51:03
16402,Sarah Rodriguez,"146 Maple Avenue, Limerick",OTHER,ARCHIVED,2025-07-31 00:54:15
71125,John Brown,"136 Maple Avenue, Kilkenny",COLLECTIONS,CANCEL2,2025-07-31 02:44:02
51216,Olivia Martinez,"180 Pine Road, Waterford",OTHER,ARCHIVED,2025-07-31 05:40:57
53131,Emma Garcia,"41 Elm Street, Sligo",LEGAL,HOLD FO,2025-07-31 07:31:59
60001,Alex Brown,"57 Cedar Lane, Kilkenny",PAYING,PAY PROP,2025-07-31 09:52:37
68484,Michael Wilson,"53 Elm Street, Kilkenny",LEGAL,LEG_NOT,2025-07-31 10:03:11
16402,Sarah Rodriguez,"146 Maple Avenue, Limerick",TRACE,GONEAWAY,2025-07-31 10:27:06
26696,Sarah Rodriguez,"73 Maple Avenue, Kilkenny",TRACE,GONEAWAY,2025-07-31 10:40:48
77524,Maria Martinez,"55 Elm Street, Sligo",INSOLVENCY,INS3,2025-07-31 10:42:51
75723,Olivia Williams,"141 Pine Road, Waterford",INSOLVENCY,INS2,2025-07-31 12:09:34
55047,James Martinez,"78 Pine Road, Waterford",INSOLVENCY,INS3,2025-07-31 14:51:33
47801,John Johnson,"44 Cedar Lane, Dublin",SETTLED,SETTLED,2025-07-31 15:48:50
47808,James Garcia,"200 Elm Street, Belfast",OTHER,ARCHIVED,2025-07-31 17:28:50
30746,Alex Miller,"32 Oak Street, Cork",COLLECTIONS,CANCEL2,2025-07-31 18:35:22
64070,Laura Davis,"42 Elm Street, Galway",LEGAL,LEG VERIF 1,2025-07-31 19:55:37
33376,Emma Smith,"35 Sunset Boulevard, Kilkenny",TRACE,GONEAWAY,2025-07-31 22:08:41
91402,Alex Rodriguez,"161 Hillcrest Road, Dublin",TRACE,GONEAWAY,2025-07-31 22:18:38
95599,Michael Wilson,"70 Maple Avenue, Sligo",OTHER,ARCHIVED,2025-07-31 22:36:21
82789,Maria Garcia,"57 Oak Street, Galway",TRACE,GONEAWAY,2025-07-31 23:54:20
80893,Alex Wilson,"36 Cedar Lane, Sligo",INSOLVENCY,INS3,2025-08-01 00:10:53
26742,Laura Miller,"18 Maple Avenue, Waterford",COLLECTIONS,PRIME_D,2025-08-01 02:28:37
86650,David Rodriguez,"156 Sunset Boulevard, Kilkenny",SETTLED,SETTLED,2025-08-01 02:40:22
52017,Maria Wilson,"152 Riverside Drive, Sligo",OTHER,ARCHIVED,2025-08-01 04:44:51
15004,Sarah Martinez,"4 Hillcrest Road, Limerick",OTHER,ARCHIVED,2025-08-01 05:18:40
91142,Michael Rodriguez,"159 Pine Road, Waterford",PAYING,PAY CURR,2025-08-01 07:20:40
96035,Laura Garcia,"59 Maple Avenue, Sligo",TRACE,GONEAWAY,2025-08-01 08:18:14
15248,Maria Martinez,"86 Elm Street, Belfast",INSOLVENCY,INSP,2025-08-01 16:16:51
75042,Sophia Jones,"52 Cedar Lane, Limerick",COLLECTIONS,CASSIST2,2025-08-01 16:19:50
45393,Emma Wilson,"84 Sunset Boulevard, Galway",COLLECTIONS,PRIME_D,2025-08-01 17:57:05
33687,Michael Wilson,"175 Pine Road, Belfast",PAYING,PAY PROP,2025-08-01 18:06:25
17821,Daniel Williams,"88 Cedar Lane, Limerick",PAYING,PAY CURR,2025-08-01 18:33:33
30746,Alex Miller,"32 Oak Street, Cork",OTHER,ARCHIVED,2025-08-01 18:52:06
30943,Sarah Brown,"85 Sunset Boulevard, Dublin",SETTLED,SETTLED,2025-08-01 19:05:54
16402,Sarah Rodriguez,"146 Maple Avenue, Limerick",TRACE,GONEAWAY,2025-08-01 19:30:28
13787,Laura Wilson,"88 Elm Street, Cork",TRACE,GONEAWAY,2025-08-01 20:34:23
61279,Maria Smith,"51 Maple Avenue, Dublin",OTHER,ARCHIVED,2025-08-01 21:10:45
19986,Alex Smith,"130 Oak Street, Galway",PAYING,PAY CURR,2025-08-01 21:22:25
76500,John Garcia,"176 Sunset Boulevard, Cork",TRACE,GONEAWAY,2025-08-01 22:15:31
28504,Maria Jones,"169 Oak Street, Sligo",PAYING,PAY CURR,2025-08-01 23:56:01
93774,James Jones,"97 Elm Street, Waterford",COLLECTIONS,CASSIST2,2025-08-02 02:07:57
66463,John Wilson,"104 Sunset Boulevard, Kilkenny",PAYING,PAY PROP,2025-08-02 05:10:17
45153,Sophia Davis,"16 Maple Avenue, Kilkenny",SETTLED,SETTLED,2025-08-02 06:56:08
40856,Alex Rodriguez,"39 Elm Street, Sligo",TRACE,GONEAWAY,2025-08-02 07:21:44
25733,David Brown,"63 Sunset Boulevard, Kilkenny",LEGAL,LEG VERIF 1,2025-08-02 08:20:00
50973,Emma Miller,"128 Maple Avenue, Galway",OTHER,ARCHIVED,2025-08-02 08:38:12
62345,Laura Miller,"189 Cedar Lane, Cork",COLLECTIONS,PRIME_D,2025-08-02 09:00:00
39776,Maria Davis,"113 Maple Avenue, Kilkenny",PAYING,PAY CURR,2025-08-02 09:16:17
66158,Emma Martinez,"99 Cedar Lane, Waterford",PAYING,PAY CURR,2025-08-02 14:56:39
91678,Laura Garcia,"104 Cedar Lane, Waterford",PAYING,PAY CURR,2025-08-02 17:22:27
44286,Sophia Davis,"160 Cedar Lane, Cork",SETTLED,SETTLED,2025-08-02 18:03:17
74894,Emma Garcia,"190 Sunset Boulevard, Belfast",LEGAL,HOLD FO,2025-08-02 20:55:27
16628,Sarah Rodriguez,"164 Pine Road, Galway",COLLECTIONS,CANCEL4,2025-08-03 01:17:21
42371,David Williams,"102 Elm Street, Belfast",PAYING,PAY PROP,2025-08-03 08:47:08
58892,Maria Johnson,"192 Cedar Lane, Dublin",OTHER,ARCHIVED,2025-08-03 13:01:35
37628,Maria Johnson,"30 Pine Road, Cork",INSOLVENCY,INS1,2025-08-03 14:34:39
30746,Alex Miller,"32 Oak Street, Cork",OTHER,ARCHIVED,2025-08-03 16:44:32
35401,John Miller,"164 Sunset Boulevard, Belfast",LEGAL,LEG_NOT,2025-08-03 20:36:05
39116,Olivia Johnson,"62 Oak Street, Cork",LEGAL,LEG_TIT,2025-08-03 20:52:07
31903,Alex Brown,"183 Cedar Lane, Waterford",OTHER,ARCHIVED,2025-08-04 00:25:09
88716,Emma Rodriguez,"113 Cedar Lane, Galway",OTHER,ARCHIVED,2025-08-04 01:09:09
52697,Sarah Davis,"39 Hillcrest Road, Sligo",COLLECTIONS,PAY OVER,2025-08-04 01:43:08
89176,Sarah Johnson,"105 Cedar Lane, Galway",TRACE,GONEAWAY,2025-08-04 01:53:35
97918,Daniel Smith,"123 Riverside Drive, Sligo",INSOLVENCY,INS1,2025-08-04 06:37:28
94751,Emma Rodriguez,"158 Maple Avenue, Kilkenny",COLLECTIONS,CANCEL4,2025-08-04 07:38:53
92669,John Davis,"72 Pine Road, Kilkenny",INSOLVENCY,INSP,2025-08-04 08:36:50
31172,Olivia Smith,"102 Sunset Boulevard, Dublin",TRACE,GONEAWAY,2025-08-04 09:03:05
44060,Sarah Davis,"151 Cedar Lane, Kilkenny",SETTLED,SETTLED,2025-08-04 16:26:46
34177,Sarah Jones,"63 Hillcrest Road, Limerick",LEGAL,LEG_TIT,2025-08-04 17:40:53
94714,Sophia Brown,"85 Cedar Lane, Dublin",TRACE,GONEAWAY,2025-08-05 00:39:55
83776,Maria Smith,"105 Pine Road, Kilkenny",LEGAL,LEG VERIF 1,2025-08-05 00:45:01
97661,Laura Williams,"148 Oak Street, Limerick",OTHER,ARCHIVED,2025-08-05 01:20:13
98298,Sarah Williams,"118 Elm Street, Cork",TRACE,GONEAWAY,2025-08-05 03:26:33
86693,James Jones,"164 Cedar Lane, Kilkenny",SETTLED,SETTLED,2025-08-05 03:52:01
23382,David Garcia,"142 Hillcrest Road, Galway",COLLECTIONS,PRIME,2025-08-05 05:08:07
54885,Olivia Williams,"53 Riverside Drive, Galway",INSOLVENCY,INS1,2025-08-05 05:32:00
37628,Maria Johnson,"30 Pine Road, Cork",OTHER,ARCHIVED,2025-08-05 07:32:32
86347,Michael Johnson,"31 Pine Road, Galway",PAYING,PAY PROP,2025-08-05 12:47:23
97730,Olivia Smith,"186 Sunset Boulevard, Limerick",OTHER,ARCHIVED,2025-08-05 19:26:09
91678,Laura Garcia,"104 Cedar Lane, Waterford",SETTLED,SETTLED,2025-08-05 19:52:27
97661,Laura Williams,"148 Oak Street, Limerick",SETTLED,SETTLED,2025-08-05 20:32:33
37628,Maria Johnson,"30 Pine Road, Cork",COLLECTIONS,CANCEL4,2025-08-05 21:24:08
54275,Alex Jones,"90 Oak Street, Sligo",COLLECTIONS,PRIME_D,2025-08-05 22:50:05
14184,Olivia Jones,"24 Oak Street, Dublin",TRACE,GONEAWAY,2025-08-06 00:16:40
45393,Emma Wilson,"84 Sunset Boulevard, Galway",LEGAL,LEG VERIF 1,2025-08-06 08:52:38
90725,David Williams,"35 Oak Street, Cork",LEGAL,LEG VERIF 1,2025-08-06 14:01:45
14567,Sophia Davis,"52 Elm Street, Belfast",COLLECTIONS,CASSIST2,2025-08-06 18:53:42
17413,Emma Martinez,"195 Riverside Drive, Kilkenny",TRACE,GONEAWAY,2025-08-06 22:23:59
74699,John Williams,"171 Riverside Drive, Limerick",COLLECTIONS,TELSOLUTIONS4,2025-08-07 00:26:44
21489,Daniel Jones,"50 Riverside Drive, Galway",INSOLVENCY,INS1,2025-08-07 01:21:53
41546,David Williams,"178 Sunset Boulevard, Cork",INSOLVENCY,INS4,2025-08-07 01:30:20
13883,David Smith,"74 Sunset Boulevard, Cork",SETTLED,SETTLED,2025-08-07 01:36:15
46369,Emma Jones,"85 Sunset Boulevard, Sligo",OTHER,ARCHIVED,2025-08-07 03:58:17
53016,Laura Johnson,"197 Oak Street, Belfast",COLLECTIONS,TELSOLUTIONS4,2025-08-07 03:59:12
98794,Sarah Martinez,"10 Maple Avenue, Cork",INSOLVENCY,INS1,2025-08-07 04:36:15
88060,David Johnson,"107 Pine Road, Waterford",SETTLED,SETTLED,2025-08-07 05:36:46
91658,Olivia Davis,"106 Cedar Lane, Sligo",LEGAL,HOLD FO,2025-08-07 07:55:39
49999,James Miller,"47 Riverside Drive, Limerick",PAYING,PAY CURR,2025-08-07 09:31:56
77356,Daniel Martinez,"158 Oak Street, Sligo",OTHER,ARCHIVED,2025-08-07 13:55:11
71048,Maria Brown,"124 Maple Avenue, Belfast",OTHER,ARCHIVED,2025-08-07 14:11:16
90725,David Williams,"35 Oak Street, Cork",INSOLVENCY,INS2,2025-08-07 14:51:09
87394,Daniel Smith,"142 Sunset Boulevard, Waterford",SETTLED,SETTLED,2025-08-07 15:37:20
47103,Daniel Davis,"33 Pine Road, Sligo",COLLECTIONS,TELSOLUTIONS1,2025-08-07 20:19:47
73634,Daniel Johnson,"43 Hillcrest Road, Waterford",LEGAL,LEG VERIF 2,2025-08-07 20:24:41
66138,John Jones,"170 Hillcrest Road, Sligo",TRACE,GONEAWAY,2025-08-07 20:30:40
31903,Alex Brown,"183 Cedar Lane, Waterford",COLLECTIONS,PAY OVER,2025-08-08 00:39:12
45393,Emma Wilson,"84 Sunset Boulevard, Galway",COLLECTIONS,CANCEL4,2025-08-08 02:06:34
66755,Laura Martinez,"93 Elm Street, Sligo",PAYING,PAY PROP,2025-08-08 03:01:31
45539,James Johnson,"88 Maple Avenue, Sligo",COLLECTIONS,PRIME_D,2025-08-08 05:49:20
77426,Alex Miller,"136 Elm Street, Dublin",SETTLED,SETTLED,2025-08-08 06:22:19
87921,Alex Brown,"3 Hillcrest Road, Galway",INSOLVENCY,INS1,2025-08-08 07:24:14
19413,Sophia Jones,"52 Sunset Boulevard, Limerick",COLLECTIONS,PRIME_D,2025-08-08 11:01:26
16628,Sarah Rodriguez,"164 Pine Road, Galway",SETTLED,SETTLED,2025-08-08 11:59:13
44060,Sarah Davis,"151 Cedar Lane, Kilkenny",LEGAL,LEG_TIT,2025-08-08 14:12:27
34002,James Johnson,"200 Oak Street, Waterford",LEGAL,HOLD FO,2025-08-08 21:25:22
86646,Sarah Williams,"29 Hillcrest Road, Galway",COLLECTIONS,PAY OVER,2025-08-08 23:30:24
19675,James Davis,"154 Hillcrest Road, Dublin",TRACE,GONEAWAY,2025-08-09 02:11:19
47933,Emma Brown,"79 Elm Street, Kilkenny",LEGAL,LEG_NOT,2025-08-09 02:25:14
12247,Laura Smith,"200 Pine Road, Dublin",COLLECTIONS,PAY OVER,2025-08-09 02:48:48
19675,James Davis,"154 Hillcrest Road, Dublin",LEGAL,LEG VERIF 1,2025-08-09 03:44:39
58120,Alex Jones,"138 Riverside Drive, Kilkenny",TRACE,GONEAWAY,2025-08-09 05:29:36
67396,Maria Johnson,"32 Riverside Drive, Sligo",TRACE,GONEAWAY,2025-08-09 06:01:04
17320,Maria Martinez,"117 Sunset Boulevard, Belfast",PAYING,PAY PROP,2025-08-09 06:27:53
77395,Olivia Jones,"178 Riverside Drive, Kilkenny",LEGAL,LEG VERIF 1,2025-08-09 07:13:20
43108,Maria Martinez,"109 Sunset Boulevard, Kilkenny",TRACE,GONEAWAY,2025-08-09 09:37:17
19949,David Garcia,"166 Hillcrest Road, Sligo",INSOLVENCY,INS3,2025-08-09 13:41:15
70180,Michael Garcia,"19 Oak Street, Galway",OTHER,ARCHIVED,2025-08-09 13:58:59
55558,James Wilson,"110 Sunset Boulevard, Sligo",INSOLVENCY,INS4,2025-08-09 14:49:05
67303,Laura Smith,"145 Cedar Lane, Belfast",PAYING,PAY CURR,2025-08-09 16:14:06
68436,Emma Johnson,"189 Oak Street, Cork",TRACE,GONEAWAY,2025-08-09 16:30:21
77356,Daniel Martinez,"158 Oak Street, Sligo",COLLECTIONS,TELSOLUTIONS1,2025-08-09 18:23:47
66755,Laura Martinez,"93 Elm Street, Sligo",TRACE,GONEAWAY,2025-08-09 18:45:31
56961,John Brown,"83 Riverside Drive, Galway",COLLECTIONS,PRIME_D,2025-08-09 21:11:27
73556,Emma Rodriguez,"154 Oak Street, Belfast",INSOLVENCY,INS3,2025-08-09 21:32:46
77535,Michael Johnson,"25 Maple Avenue, Sligo",COLLECTIONS,CANCEL2,2025-08-09 21:48:50
16077,Alex Jones,"35 Riverside Drive, Waterford",LEGAL,LEG VERIF 1,2025-08-09 22:42:39
23382,David Garcia,"142 Hillcrest Road, Galway",LEGAL,LEG VERIF 1,2025-08-10 02:04:26
98298,Sarah Williams,"118 Elm Street, Cork",INSOLVENCY,INS1,2025-08-10 02:28:16
33783,Emma Garcia,"158 Cedar Lane, Belfast",PAYING,PAY CURR,2025-08-10 05:11:36
32687,Michael Wilson,"97 Cedar Lane, Dublin",OTHER,ARCHIVED,2025-08-10 07:43:58
95291,Michael Garcia,"159 Oak Street, Sligo",INSOLVENCY,INS4,2025-08-10 07:57:59
48786,Sophia Martinez,"56 Hillcrest Road, Dublin",INSOLVENCY,INSP,2025-08-10 08:37:59
33687,Michael Wilson,"175 Pine Road, Belfast",SETTLED,SETTLED,2025-08-10 10:54:58
94193,David Rodriguez,"28 Cedar Lane, Sligo",LEGAL,LEG_TIT,2025-08-10 18:12:03
63099,Alex Martinez,"170 Elm Street, Kilkenny",COLLECTIONS,CANCEL4,2025-08-10 20:18:12
48354,Michael Smith,"186 Sunset Boulevard, Kilkenny",LEGAL,LEG VERIF 2,2025-08-11 00:35:24
10506,David Jones,"106 Pine Road, Waterford",LEGAL,LEG VERIF 2,2025-08-11 00:53:08
63285,Sarah Williams,"159 Oak Street, Cork",COLLECTIONS,CANCEL4,2025-08-11 02:25:30
59639,Emma Miller,"19 Riverside Drive, Dublin",LEGAL,LEG_TIT,2025-08-11 02:47:06
31527,Sarah Garcia,"145 Oak Street, Kilkenny",LEGAL,LEG VERIF 1,2025-08-11 03:30:23
68861,Emma Rodriguez,"115 Sunset Boulevard, Cork",LEGAL,LEG_TIT,2025-08-11 05:36:59
49171,John Martinez,"172 Hillcrest Road, Dublin",PAYING,PAY PROP,2025-08-11 05:50:03
77262,Daniel Garcia,"46 Sunset Boulevard, Limerick",COLLECTIONS,CANCEL2,2025-08-11 06:13:42
18486,Olivia Rodriguez,"20 Oak Street, Dublin",LEGAL,LEG VERIF 1,2025-08-11 06:18:54
60840,James Miller,"74 Riverside Drive, Limerick",OTHER,ARCHIVED,2025-08-11 07:29:54
71242,James Davis,"9 Hillcrest Road, Kilkenny",INSOLVENCY,INS2,2025-08-11 10:23:29
13989,Sophia Rodriguez,"95 Cedar Lane, Dublin",OTHER,ARCHIVED,2025-08-11 12:15:37
82007,Sarah Williams,"99 Oak Street, Cork",SETTLED,SETTLED,2025-08-11 13:45:16
65428,David Jones,"35 Hillcrest Road, Limerick",LEGAL,LEG_TIT,2025-08-11 16:13:54
96035,Laura Garcia,"59 Maple Avenue, Sligo",OTHER,ARCHIVED,2025-08-11 17:38:13
85441,John Garcia,"125 Hillcrest Road, Sligo",COLLECTIONS,CASSIST2,2025-08-11 20:56:23
34177,Sarah Jones,"63 Hillcrest Road, Limerick",INSOLVENCY,INS2,2025-08-11 22:05:32
52609,Sophia Brown,"53 Pine Road, Limerick",LEGAL,LEG VERIF 1,2025-08-11 22:06:20
68484,Michael Wilson,"53 Elm Street, Kilkenny",SETTLED,SETTLED,2025-08-12 00:01:49
86543,Sophia Davis,"180 Hillcrest Road, Belfast",INSOLVENCY,INS1,2025-08-12 00:27:37
19523,Michael Wilson,"179 Elm Street, Sligo",SETTLED,SETTLED,2025-08-12 05:43:58
79792,David Smith,"72 Elm Street, Kilkenny",SETTLED,SETTLED,2025-08-12 11:35:41
38921,David Rodriguez,"132 Pine Road, Belfast",COLLECTIONS,TELSOLUTIONS4,2025-08-12 18:29:45
40733,Daniel Miller,"77 Cedar Lane, Belfast",SETTLED,SETTLED,2025-08-12 20:11:43
39116,Olivia Johnson,"62 Oak Street, Cork",OTHER,ARCHIVED,2025-08-12 20:40:22
69833,Laura Garcia,"200 Hillcrest Road, Kilkenny",SETTLED,SETTLED,2025-08-12 22:19:40
79212,Sophia Rodriguez,"177 Oak Street, Belfast",TRACE,GONEAWAY,2025-08-13 02:42:25
86543,Sophia Davis,"180 Hillcrest Road, Belfast",LEGAL,LEG VERIF 2,2025-08-13 06:38:31
92221,David Garcia,"125 Sunset Boulevard, Sligo",SETTLED,SETTLED,2025-08-13 09:21:04
47857,James Garcia,"133 Cedar Lane, Dublin",SETTLED,SETTLED,2025-08-13 11:42:44
68484,Michael Wilson,"53 Elm Street, Kilkenny",SETTLED,SETTLED,2025-08-13 13:22:47
86693,James Jones,"164 Cedar Lane, Kilkenny",LEGAL,LEG VERIF 2,2025-08-13 15:19:04
37628,Maria Johnson,"30 Pine Road, Cork",SETTLED,SETTLED,2025-08-13 23:53:19
92221,David Garcia,"125 Sunset Boulevard, Sligo",INSOLVENCY,INSP,2025-08-15 03:24:40
95157,Emma Jones,"67 Elm Street, Galway",OTHER,ARCHIVED,2025-08-15 04:08:38
82487,Daniel Miller,"195 Riverside Drive, Belfast",LEGAL,LEG VERIF 2,2025-08-15 04:47:47
23780,David Williams,"197 Hillcrest Road, Cork",INSOLVENCY,INS1,2025-08-15 06:28:41
28504,Maria Jones,"169 Oak Street, Sligo",OTHER,ARCHIVED,2025-08-15 06:33:08
70437,Olivia Miller,"185 Oak Street, Belfast",OTHER,ARCHIVED,2025-08-15 11:55:48
58892,Maria Johnson,"192 Cedar Lane, Dublin",INSOLVENCY,INS4,2025-08-15 12:47:37
86646,Sarah Williams,"29 Hillcrest Road, Galway",INSOLVENCY,INS3,2025-08-15 16:58:17
52436,Michael Rodriguez,"82 Elm Street, Waterford",TRACE,GONEAWAY,2025-08-15 18:09:11
11449,Daniel Miller,"6 Hillcrest Road, Waterford",COLLECTIONS,CASSIST2,2025-08-16 01:20:26
60947,Sarah Brown,"145 Elm Street, Dublin",INSOLVENCY,INS3,2025-08-16 01:59:26
45495,Michael Smith,"140 Elm Street, Kilkenny",COLLECTIONS,CANCEL4,2025-08-16 03:13:43
45495,Michael Smith,"140 Elm Street, Kilkenny",TRACE,GONEAWAY,2025-08-16 05:17:17
22385,Sarah Davis,"64 Sunset Boulevard, Dublin",PAYING,PAY CURR,2025-08-16 07:14:58
40659,Sophia Rodriguez,"173 Sunset Boulevard, Kilkenny",LEGAL,LEG_TIT,2025-08-16 08:20:20
52219,David Davis,"157 Oak Street, Kilkenny",SETTLED,SETTLED,2025-08-16 09:48:08
19986,Alex Smith,"130 Oak Street, Galway",LEGAL,LEG_TIT,2025-08-16 10:32:16
62692,Maria Miller,"186 Maple Avenue, Sligo",PAYING,PAY CURR,2025-08-16 14:22:09
91142,Michael Rodriguez,"159 Pine Road, Waterford",PAYING,PAY PROP,2025-08-16 15:33:55
87432,John Martinez,"107 Pine Road, Dublin",PAYING,PAY PROP,2025-08-16 15:55:20
57417,Daniel Smith,"175 Hillcrest Road, Limerick",INSOLVENCY,INS1,2025-08-16 16:23:17
55200,Maria Johnson,"134 Elm Street, Galway",TRACE,GONEAWAY,2025-08-16 22:28:41
30817,Daniel Johnson,"134 Hillcrest Road, Limerick",COLLECTIONS,PRIME,2025-08-16 23:26:05
82789,Maria Garcia,"57 Oak Street, Galway",TRACE,GONEAWAY,2025-08-17 12:13:57
90467,Laura Williams,"8 Maple Avenue, Galway",TRACE,GONEAWAY,2025-08-17 12:15:17
94751,Emma Rodriguez,"158 Maple Avenue, Kilkenny",LEGAL,LEG VERIF 2,2025-08-17 18:42:27
32998,James Wilson,"1 Elm Street, Galway",TRACE,GONEAWAY,2025-08-18 03:24:28
14184,Olivia Jones,"24 Oak Street, Dublin",SETTLED,SETTLED,2025-08-18 04:47:34
48606,John Martinez,"33 Elm Street, Waterford",LEGAL,HOLD FO,2025-08-18 05:27:59
72758,Emma Brown,"197 Oak Street, Dublin",SETTLED,SETTLED,2025-08-18 07:17:32
92255,Sophia Martinez,"67 Maple Avenue, Sligo",LEGAL,LEG VERIF 1,2025-08-18 07:25:49
43403,Laura Brown,"183 Hillcrest Road, Dublin",INSOLVENCY,INS3,2025-08-18 07:34:50
82269,Maria Martinez,"175 Oak Street, Galway",PAYING,PAY CURR,2025-08-18 08:36:39
89313,Olivia Williams,"72 Sunset Boulevard, Sligo",LEGAL,LEG VERIF 2,2025-08-18 08:55:36
33347,David Jones,"157 Sunset Boulevard, Sligo",PAYING,PAY CURR,2025-08-18 09:36:05
63285,Sarah Williams,"159 Oak Street, Cork",OTHER,ARCHIVED,2025-08-18 11:08:05
30943,Sarah Brown,"85 Sunset Boulevard, Dublin",LEGAL,LEG_NOT,2025-08-18 16:20:31
36313,David Smith,"102 Sunset Boulevard, Sligo",INSOLVENCY,INS3,2025-08-18 17:29:24
78078,John Miller,"48 Riverside Drive, Limerick",INSOLVENCY,INS2,2025-08-18 18:40:07
95157,Emma Jones,"67 Elm Street, Galway",LEGAL,LEG_NOT,2025-08-18 19:06:28
54885,Olivia Williams,"53 Riverside Drive, Galway",INSOLVENCY,INSP,2025-08-18 19:27:12
79792,David Smith,"72 Elm Street, Kilkenny",SETTLED,SETTLED,2025-08-18 19:42:43
73732,Laura Williams,"139 Maple Avenue, Galway",SETTLED,SETTLED,2025-08-18 20:37:48
11916,John Miller,"42 Cedar Lane, Kilkenny",TRACE,GONEAWAY,2025-08-18 23:53:54
94706,Alex Davis,"55 Elm Street, Galway",LEGAL,LEG_TIT,2025-08-19 01:25:19
36291,David Davis,"39 Elm Street, Dublin",INSOLVENCY,INS2,2025-08-20 07:44:28
56961,John Brown,"83 Riverside Drive, Galway",LEGAL,HOLD FO,2025-08-20 10:48:22
29210,David Brown,"69 Oak Street, Kilkenny",PAYING,PAY CURR,2025-08-20 10:53:13
79212,Sophia Rodriguez,"177 Oak Street, Belfast",INSOLVENCY,INSP,2025-08-21 00:19:16
92221,David Garcia,"125 Sunset Boulevard, Sligo",LEGAL,HOLD FO,2025-08-21 02:05:12
81634,David Jones,"195 Hillcrest Road, Dublin",PAYING,PAY PROP,2025-08-21 02:18:47
17413,Emma Martinez,"195 Riverside Drive, Kilkenny",SETTLED,SETTLED,2025-08-21 02:49:13
27543,John Jones,"90 Elm Street, Kilkenny",OTHER,ARCHIVED,2025-08-21 05:41:08
47543,Alex Davis,"157 Sunset Boulevard, Cork",PAYING,PAY CURR,2025-08-21 09:14:00
86086,Laura Garcia,"68 Pine Road, Sligo",OTHER,ARCHIVED,2025-08-21 10:07:10
14117,Sophia Jones,"44 Cedar Lane, Dublin",COLLECTIONS,PRIME_D,2025-08-21 12:05:58
86650,David Rodriguez,"156 Sunset Boulevard, Kilkenny",TRACE,GONEAWAY,2025-08-21 13:30:28
86013,Daniel Smith,"124 Sunset Boulevard, Belfast",INSOLVENCY,INS4,2025-08-21 13:52:16
17993,Alex Smith,"170 Sunset Boulevard, Belfast",SETTLED,SETTLED,2025-08-21 15:57:43
16077,Alex Jones,"35 Riverside Drive, Waterford",COLLECTIONS,PAY OVER,2025-08-21 17:48:34
80451,Sophia Wilson,"3 Hillcrest Road, Cork",COLLECTIONS,CANCEL4,2025-08-21 18:11:38
29623,James Smith,"134 Riverside Drive, Waterford",SETTLED,SETTLED,2025-08-21 20:18:29
45571,Emma Martinez,"93 Cedar Lane, Limerick",PAYING,PAY CURR,2025-08-21 21:23:21
14567,Sophia Davis,"52 Elm Street, Belfast",COLLECTIONS,CASSIST2,2025-08-21 21:56:31
94714,Sophia Brown,"85 Cedar Lane, Dublin",SETTLED,SETTLED,2025-08-21 23:40:02
92829,Michael Jones,"2 Sunset Boulevard, Kilkenny",TRACE,GONEAWAY,2025-08-21 23:57:04
62595,Sarah Davis,"25 Pine Road, Sligo",COLLECTIONS,PRIME_D,2025-08-22 05:18:09
73980,Laura Martinez,"92 Cedar Lane, Limerick",TRACE,GONEAWAY,2025-08-23 00:21:47
59344,Olivia Jones,"160 Sunset Boulevard, Limerick",SETTLED,SETTLED,2025-08-23 01:55:38
30817,Daniel Johnson,"134 Hillcrest Road, Limerick",TRACE,GONEAWAY,2025-08-23 02:25:10
61708,John Davis,"142 Elm Street, Dublin",TRACE,GONEAWAY,2025-08-23 02:49:08
94638,David Wilson,"139 Cedar Lane, Cork",COLLECTIONS,PRIME,2025-08-23 05:42:23
74699,John Williams,"171 Riverside Drive, Limerick",TRACE,GONEAWAY,2025-08-23 07:31:13
39453,James Smith,"166 Cedar Lane, Limerick",SETTLED,SETTLED,2025-08-23 09:05:50
54296,Alex Garcia,"135 Oak Street, Belfast",PAYING,PAY PROP,2025-08-23 09:47:14
92669,John Davis,"72 Pine Road, Kilkenny",PAYING,PAY PROP,2025-08-23 12:36:39
30817,Daniel Johnson,"134 Hillcrest Road, Limerick",OTHER,ARCHIVED,2025-08-23 16:14:47
84455,Daniel Smith,"118 Maple Avenue, Galway",COLLECTIONS,TELSOLUTIONS4,2025-08-23 18:24:32
26096,Sarah Jones,"154 Elm Street, Sligo",OTHER,ARCHIVED,2025-08-23 18:31:20
77535,Michael Johnson,"25 Maple Avenue, Sligo",INSOLVENCY,INS4,2025-08-23 19:05:46
91710,Olivia Williams,"53 Sunset Boulevard, Limerick",SETTLED,SETTLED,2025-08-23 19:28:05
88060,David Johnson,"107 Pine Road, Waterford",OTHER,ARCHIVED,2025-08-23 20:26:16
68861,Emma Rodriguez,"115 Sunset Boulevard, Cork",INSOLVENCY,INS4,2025-08-23 21:58:37
79279,James Martinez,"190 Oak Street, Galway",TRACE,GONEAWAY,2025-08-23 23:20:37
42247,Alex Jones,"21 Cedar Lane, Waterford",TRACE,GONEAWAY,2025-08-24 00:15:40
22367,Maria Martinez,"51 Elm Street, Dublin",COLLECTIONS,PRIME_D,2025-08-24 00:58:46
19523,Michael Wilson,"179 Elm Street, Sligo",OTHER,ARCHIVED,2025-08-24 06:48:18
86013,Daniel Smith,"124 Sunset Boulevard, Belfast",COLLECTIONS,PRIME,2025-08-24 06:53:12
33376,Emma Smith,"35 Sunset Boulevard, Kilkenny",INSOLVENCY,INS3,2025-08-24 16:07:26
35401,John Miller,"164 Sunset Boulevard, Belfast",OTHER,ARCHIVED,2025-08-24 21:54:08
72838,Laura Martinez,"18 Elm Street, Waterford",LEGAL,LEG VERIF 1,2025-08-25 00:50:10
52609,Sophia Brown,"53 Pine Road, Limerick",COLLECTIONS,TELSOLUTIONS4,2025-08-25 02:51:43
18838,Alex Martinez,"163 Elm Street, Limerick",INSOLVENCY,INS4,2025-08-25 03:26:09
19675,James Davis,"154 Hillcrest Road, Dublin",TRACE,GONEAWAY,2025-08-25 03:47:06
75042,Sophia Jones,"52 Cedar Lane, Limerick",SETTLED,SETTLED,2025-08-25 06:04:49
98849,Laura Wilson,"152 Oak Street, Cork",LEGAL,LEG_NOT,2025-08-25 06:10:52
48786,Sophia Martinez,"56 Hillcrest Road, Dublin",SETTLED,SETTLED,2025-08-25 11:49:32
58120,Alex Jones,"138 Riverside Drive, Kilkenny",OTHER,ARCHIVED,2025-08-25 13:45:20
52017,Maria Wilson,"152 Riverside Drive, Sligo",LEGAL,LEG VERIF 2,2025-08-25 13:47:46
94193,David Rodriguez,"28 Cedar Lane, Sligo",TRACE,GONEAWAY,2025-08-25 14:05:53
94714,Sophia Brown,"85 Cedar Lane, Dublin",INSOLVENCY,INS3,2025-08-25 14:14:35
91678,Laura Garcia,"104 Cedar Lane, Waterford",COLLECTIONS,PRIME_D,2025-08-25 15:08:56
57663,John Johnson,"101 Oak Street, Belfast",SETTLED,SETTLED,2025-08-25 15:15:37
89946,John Brown,"125 Maple Avenue, Cork",TRACE,GONEAWAY,2025-08-25 15:42:07
95157,Emma Jones,"67 Elm Street, Galway",TRACE,GONEAWAY,2025-08-25 18:36:21
78353,John Rodriguez,"87 Oak Street, Galway",TRACE,GONEAWAY,2025-08-25 18:49:39
90869,David Jones,"143 Sunset Boulevard, Waterford",LEGAL,LEG_TIT,2025-08-25 19:18:22
24815,Laura Garcia,"134 Riverside Drive, Kilkenny",INSOLVENCY,INSP,2025-08-25 19:24:07
54765,Daniel Johnson,"88 Maple Avenue, Galway",PAYING,PAY CURR,2025-08-25 19:38:08
27482,Sophia Smith,"93 Elm Street, Dublin",SETTLED,SETTLED,2025-08-25 20:18:32
21489,Daniel Jones,"50 Riverside Drive, Galway",LEGAL,LEG VERIF 2,2025-08-26 02:12:51
63285,Sarah Williams,"159 Oak Street, Cork",PAYING,PAY PROP,2025-08-26 04:12:50
33783,Emma Garcia,"158 Cedar Lane, Belfast",SETTLED,SETTLED,2025-08-26 04:35:21
27223,Sophia Rodriguez,"165 Cedar Lane, Kilkenny",LEGAL,LEG_NOT,2025-08-26 06:11:50
83051,James Miller,"200 Hillcrest Road, Waterford",COLLECTIONS,PRIME,2025-08-26 06:24:49
82007,Sarah Williams,"99 Oak Street, Cork",INSOLVENCY,INSP,2025-08-26 06:35:31
75042,Sophia Jones,"52 Cedar Lane, Limerick",SETTLED,SETTLED,2025-08-26 06:56:52
27789,Laura Johnson,"199 Riverside Drive, Limerick",COLLECTIONS,PRIME_D,2025-08-26 09:34:12
78528,Laura Rodriguez,"120 Pine Road, Belfast",COLLECTIONS,PRIME,2025-08-26 09:56:21
60663,Maria Smith,"86 Hillcrest Road, Cork",LEGAL,HOLD FO,2025-08-26 09:56:53
47543,Alex Davis,"157 Sunset Boulevard, Cork",TRACE,GONEAWAY,2025-08-26 10:18:57
23982,James Jones,"81 Pine Road, Kilkenny",PAYING,PAY PROP,2025-08-26 11:28:29
31463,Sarah Garcia,"113 Hillcrest Road, Galway",OTHER,ARCHIVED,2025-08-26 12:07:03
52017,Maria Wilson,"152 Riverside Drive, Sligo",LEGAL,LEG_NOT,2025-08-26 15:03:35
59505,Daniel Wilson,"113 Pine Road, Limerick",SETTLED,SETTLED,2025-08-26 17:06:30
45495,Michael Smith,"140 Elm Street, Kilkenny",COLLECTIONS,TELSOLUTIONS4,2025-08-26 19:41:50
51246,Sarah Williams,"142 Oak Street, Limerick",COLLECTIONS,PRIME,2025-08-26 20:32:13
82324,David Smith,"60 Maple Avenue, Limerick",LEGAL,LEG_TIT,2025-08-27 01:14:51
61582,David Garcia,"77 Riverside Drive, Belfast",TRACE,GONEAWAY,2025-08-27 05:57:30
36459,Sarah Williams,"52 Oak Street, Belfast",INSOLVENCY,INS2,2025-08-27 06:10:36
60048,Sophia Williams,"132 Hillcrest Road, Waterford",TRACE,GONEAWAY,2025-08-27 07:01:42
66216,Sophia Smith,"182 Pine Road, Limerick",OTHER,ARCHIVED,2025-08-27 07:50:08
27482,Sophia Smith,"93 Elm Street, Dublin",COLLECTIONS,PRIME,2025-08-27 07:52:57
16198,Laura Williams,"167 Elm Street, Limerick",PAYING,PAY CURR,2025-08-27 09:38:19
67701,Alex Brown,"116 Maple Avenue, Waterford",COLLECTIONS,CASSIST2,2025-08-27 12:48:27
82269,Maria Martinez,"175 Oak Street, Galway",COLLECTIONS,TELSOLUTIONS1,2025-08-27 14:45:08
84845,Sarah Rodriguez,"89 Riverside Drive, Waterford",PAYING,PAY CURR,2025-08-27 15:04:49
46155,Sophia Smith,"130 Cedar Lane, Galway",INSOLVENCY,INS3,2025-08-27 16:52:22
91558,Sophia Rodriguez,"139 Riverside Drive, Galway",INSOLVENCY,INS4,2025-08-27 19:15:29
81469,Sarah Johnson,"130 Elm Street, Belfast",TRACE,GONEAWAY,2025-08-27 20:34:00
46494,Laura Johnson,"178 Cedar Lane, Sligo",SETTLED,SETTLED,2025-08-27 21:35:28
19086,Laura Brown,"88 Cedar Lane, Sligo",SETTLED,SETTLED,2025-08-27 22:13:36
27620,Daniel Wilson,"79 Sunset Boulevard, Sligo",TRACE,GONEAWAY,2025-08-28 00:09:42
78633,James Davis,"20 Maple Avenue, Waterford",COLLECTIONS,CASSIST2,2025-08-28 01:41:05
55992,John Miller,"18 Sunset Boulevard, Galway",OTHER,ARCHIVED,2025-08-28 02:57:44
98172,Emma Williams,"110 Cedar Lane, Limerick",INSOLVENCY,INS2,2025-08-28 04:33:26
46992,James Williams,"15 Cedar Lane, Dublin",LEGAL,LEG VERIF 1,2025-08-28 05:35:10
21418,Sarah Miller,"81 Riverside Drive, Galway",SETTLED,SETTLED,2025-08-28 09:26:22
30531,Sarah Garcia,"107 Sunset Boulevard, Waterford",TRACE,GONEAWAY,2025-08-28 09:33:03
87432,John Martinez,"107 Pine Road, Dublin",INSOLVENCY,INS3,2025-08-28 11:29:15
71048,Maria Brown,"124 Maple Avenue, Belfast",INSOLVENCY,INSP,2025-08-28 11:31:19
39175,Laura Wilson,"123 Elm Street, Kilkenny",PAYING,PAY CURR,2025-08-28 11:44:57
54341,Michael Davis,"164 Maple Avenue, Belfast",PAYING,PAY CURR,2025-08-28 12:58:27
28504,Maria Jones,"169 Oak Street, Sligo",COLLECTIONS,TELSOLUTIONS1,2025-08-28 13:45:24
97989,David Williams,"177 Pine Road, Kilkenny",INSOLVENCY,INS2,2025-08-28 14:13:02
13416,Emma Wilson,"58 Pine Road, Dublin",SETTLED,SETTLED,2025-08-28 14:58:46
98298,Sarah Williams,"118 Elm Street, Cork",SETTLED,SETTLED,2025-08-28 16:37:51
82324,David Smith,"60 Maple Avenue, Limerick",LEGAL,LEG VERIF 1,2025-08-28 18:34:17
67504,Sophia Martinez,"130 Pine Road, Dublin",TRACE,GONEAWAY,2025-08-28 22:30:53
86347,Michael Johnson,"31 Pine Road, Galway",TRACE,GONEAWAY,2025-08-28 23:20:27
37988,Olivia Martinez,"80 Sunset Boulevard, Belfast",INSOLVENCY,INS3,2025-08-28 23:25:10
61708,John Davis,"142 Elm Street, Dublin",OTHER,ARCHIVED,2025-08-28 23:44:43
31527,Sarah Garcia,"145 Oak Street, Kilkenny",COLLECTIONS,CASSIST2,2025-08-29 07:22:41
42252,Sophia Johnson,"150 Sunset Boulevard, Kilkenny",LEGAL,LEG_NOT,2025-08-29 11:54:59
31527,Sarah Garcia,"145 Oak Street, Kilkenny",OTHER,ARCHIVED,2025-08-29 12:12:52
94706,Alex Davis,"55 Elm Street, Galway",COLLECTIONS,PRIME_D,2025-08-29 18:04:24
47450,Olivia Smith,"2 Cedar Lane, Limerick",OTHER,ARCHIVED,2025-08-29 18:41:17
97132,Sophia Jones,"183 Oak Street, Belfast",PAYING,PAY CURR,2025-08-29 18:59:48
76500,John Garcia,"176 Sunset Boulevard, Cork",LEGAL,LEG_TIT,2025-08-29 23:48:16
15004,Sarah Martinez,"4 Hillcrest Road, Limerick",PAYING,PAY CURR,2025-08-30 02:35:12
41979,Daniel Williams,"168 Elm Street, Cork",INSOLVENCY,INS3,2025-08-30 03:55:11
32998,James Wilson,"1 Elm Street, Galway",LEGAL,HOLD FO,2025-08-30 06:40:11
37988,Olivia Martinez,"80 Sunset Boulevard, Belfast",LEGAL,LEG VERIF 2,2025-08-30 16:10:08
43403,Laura Brown,"183 Hillcrest Road, Dublin",INSOLVENCY,INS3,2025-08-30 21:52:50
71125,John Brown,"136 Maple Avenue, Kilkenny",TRACE,GONEAWAY,2025-08-31 02:59:31
32832,Sophia Davis,"68 Sunset Boulevard, Limerick",INSOLVENCY,INSP,2025-08-31 05:52:01
77426,Alex Miller,"136 Elm Street, Dublin",COLLECTIONS,PAY OVER,2025-08-31 06:43:49
68861,Emma Rodriguez,"115 Sunset Boulevard, Cork",PAYING,PAY CURR,2025-08-31 06:57:08
33057,Olivia Jones,"21 Hillcrest Road, Cork",OTHER,ARCHIVED,2025-08-31 09:03:04
52697,Sarah Davis,"39 Hillcrest Road, Sligo",SETTLED,SETTLED,2025-08-31 12:57:43
10869,John Williams,"5 Hillcrest Road, Dublin",LEGAL,LEG VERIF 2,2025-08-31 15:23:44
26696,Sarah Rodriguez,"73 Maple Avenue, Kilkenny",LEGAL,LEG_TIT,2025-08-31 16:04:45
91678,Laura Garcia,"104 Cedar Lane, Waterford",SETTLED,SETTLED,2025-08-31 16:09:29
39643,Emma Davis,"33 Elm Street, Cork",LEGAL,HOLD FO,2025-08-31 17:42:09
64246,Laura Smith,"182 Riverside Drive, Galway",OTHER,ARCHIVED,2025-08-31 20:07:41
74670,Laura Rodriguez,"189 Maple Avenue, Galway",LEGAL,LEG VERIF 2,2025-09-01 00:38:01
57417,Daniel Smith,"175 Hillcrest Road, Limerick",SETTLED,SETTLED,2025-09-01 01:25:31
77145,Michael Williams,"7 Cedar Lane, Cork",PAYING,PAY CURR,2025-09-01 04:55:34
85466,David Williams,"131 Cedar Lane, Dublin",TRACE,GONEAWAY,2025-09-01 06:12:41
10506,David Jones,"106 Pine Road, Waterford",LEGAL,LEG VERIF 2,2025-09-01 10:40:46
77524,Maria Martinez,"55 Elm Street, Sligo",LEGAL,HOLD FO,2025-09-01 11:09:19
26514,Sophia Smith,"135 Sunset Boulevard, Limerick",PAYING,PAY CURR,2025-09-01 17:41:08
88716,Emma Rodriguez,"113 Cedar Lane, Galway",TRACE,GONEAWAY,2025-09-01 18:03:16
52017,Maria Wilson,"152 Riverside Drive, Sligo",TRACE,GONEAWAY,2025-09-01 18:24:08
55992,John Miller,"18 Sunset Boulevard, Galway",TRACE,GONEAWAY,2025-09-01 18:50:06
57074,James Jones,"76 Sunset Boulevard, Dublin",COLLECTIONS,PRIME,2025-09-01 20:18:56
17232,Laura Wilson,"71 Cedar Lane, Waterford",INSOLVENCY,INS2,2025-09-01 20:42:38
89313,Olivia Williams,"72 Sunset Boulevard, Sligo",COLLECTIONS,TELSOLUTIONS1,2025-09-01 20:55:34
94956,Alex Jones,"144 Riverside Drive, Limerick",TRACE,GONEAWAY,2025-09-01 21:00:05
77145,Michael Williams,"7 Cedar Lane, Cork",OTHER,ARCHIVED,2025-09-01 22:17:48
55047,James Martinez,"78 Pine Road, Waterford",SETTLED,SETTLED,2025-09-02 16:07:59
40198,Alex Williams,"6 Maple Avenue, Kilkenny",INSOLVENCY,INS3,2025-09-02 21:43:29
55558,James Wilson,"110 Sunset Boulevard, Sligo",SETTLED,SETTLED,2025-09-03 01:23:04
91712,Maria Martinez,"181 Maple Avenue, Dublin",COLLECTIONS,TELSOLUTIONS4,2025-09-03 01:56:47
84211,John Garcia,"23 Maple Avenue, Dublin",INSOLVENCY,INS3,2025-09-03 03:06:17
64136,Laura Garcia,"146 Cedar Lane, Sligo",LEGAL,LEG_TIT,2025-09-03 03:08:42
43108,Maria Martinez,"109 Sunset Boulevard, Kilkenny",PAYING,PAY CURR,2025-09-03 08:34:04
45539,James Johnson,"88 Maple Avenue, Sligo",INSOLVENCY,INSP,2025-09-03 12:46:24
13416,Emma Wilson,"58 Pine Road, Dublin",COLLECTIONS,PRIME,2025-09-03 12:50:09
52137,David Brown,"158 Cedar Lane, Sligo",COLLECTIONS,CASSIST2,2025-09-03 13:52:48
82789,Maria Garcia,"57 Oak Street, Galway",COLLECTIONS,CANCEL2,2025-09-03 14:37:58
16628,Sarah Rodriguez,"164 Pine Road, Galway",OTHER,ARCHIVED,2025-09-03 17:50:06
26696,Sarah Rodriguez,"73 Maple Avenue, Kilkenny",PAYING,PAY PROP,2025-09-03 20:27:33
87459,Alex Jones,"102 Cedar Lane, Belfast",INSOLVENCY,INS4,2025-09-03 21:05:12
20233,Michael Davis,"60 Riverside Drive, Belfast",SETTLED,SETTLED,2025-09-03 21:52:57
95997,Michael Martinez,"118 Elm Street, Waterford",COLLECTIONS,CANCEL2,2025-09-03 22:02:53
37628,Maria Johnson,"30 Pine Road, Cork",LEGAL,LEG_NOT,2025-09-03 22:36:52
86693,James Jones,"164 Cedar Lane, Kilkenny",INSOLVENCY,INSP,2025-09-03 23:48:36
57726,John Davis,"22 Cedar Lane, Belfast",PAYING,PAY CURR,2025-09-04 00:35:15
84211,John Garcia,"23 Maple Avenue, Dublin",PAYING,PAY PROP,2025-09-04 04:00:12
57663,John Johnson,"101 Oak Street, Belfast",LEGAL,HOLD FO,2025-09-04 19:09:40
54123,Olivia Rodriguez,"79 Pine Road, Limerick",TRACE,GONEAWAY,2025-09-04 20:47:22
52017,Maria Wilson,"152 Riverside Drive, Sligo",SETTLED,SETTLED,2025-09-04 21:59:33
16913,Laura Smith,"142 Riverside Drive, Cork",TRACE,GONEAWAY,2025-09-05 02:08:46
42494,Olivia Rodriguez,"146 Pine Road, Waterford",TRACE,GONEAWAY,2025-09-05 02:11:37
10180,Olivia Davis,"3 Elm Street, Limerick",PAYING,PAY CURR,2025-09-05 03:54:11
15248,Maria Martinez,"86 Elm Street, Belfast",TRACE,GONEAWAY,2025-09-05 06:47:30
54718,Emma Davis,"115 Oak Street, Sligo",PAYING,PAY CURR,2025-09-05 07:04:15
66216,Sophia Smith,"182 Pine Road, Limerick",PAYING,PAY PROP,2025-09-05 07:17:52
20507,Olivia Rodriguez,"17 Maple Avenue, Dublin",LEGAL,LEG_NOT,2025-09-05 10:06:25
49823,Alex Jones,"1 Maple Avenue, Belfast",TRACE,GONEAWAY,2025-09-05 11:05:21
64713,John Johnson,"87 Oak Street, Belfast",SETTLED,SETTLED,2025-09-05 14:27:39
60840,James Miller,"74 Riverside Drive, Limerick",PAYING,PAY CURR,2025-09-05 15:02:39
85173,Emma Martinez,"141 Sunset Boulevard, Cork",INSOLVENCY,INS3,2025-09-05 15:32:33
68126,Olivia Davis,"162 Maple Avenue, Limerick",TRACE,GONEAWAY,2025-09-05 16:09:01
80451,Sophia Wilson,"3 Hillcrest Road, Cork",LEGAL,LEG_NOT,2025-09-05 16:25:31
32283,James Johnson,"41 Pine Road, Cork",LEGAL,HOLD FO,2025-09-05 17:09:26
27543,John Jones,"90 Elm Street, Kilkenny",PAYING,PAY PROP,2025-09-06 04:31:06
13206,Michael Brown,"71 Hillcrest Road, Sligo",OTHER,ARCHIVED,2025-09-06 06:41:17
60048,Sophia Williams,"132 Hillcrest Road, Waterford",OTHER,ARCHIVED,2025-09-06 07:23:39
19413,Sophia Jones,"52 Sunset Boulevard, Limerick",PAYING,PAY PROP,2025-09-06 08:25:33
39175,Laura Wilson,"123 Elm Street, Kilkenny",INSOLVENCY,INS3,2025-09-06 09:28:55
19372,Michael Johnson,"33 Maple Avenue, Belfast",SETTLED,SETTLED,2025-09-06 09:37:27
12247,Laura Smith,"200 Pine Road, Dublin",INSOLVENCY,INS4,2025-09-06 09:38:00
13206,Michael Brown,"71 Hillcrest Road, Sligo",INSOLVENCY,INS3,2025-09-06 11:20:11
28504,Maria Jones,"169 Oak Street, Sligo",LEGAL,LEG VERIF 2,2025-09-06 13:13:39
78633,James Davis,"20 Maple Avenue, Waterford",LEGAL,LEG_TIT,2025-09-06 14:44:25
46588,Laura Miller,"68 Cedar Lane, Dublin",OTHER,ARCHIVED,2025-09-06 17:31:46
47543,Alex Davis,"157 Sunset Boulevard, Cork",PAYING,PAY PROP,2025-09-06 18:55:47
27497,John Garcia,"165 Maple Avenue, Limerick",COLLECTIONS,CANCEL2,2025-09-06 19:40:15
76500,John Garcia,"176 Sunset Boulevard, Cork",SETTLED,SETTLED,2025-09-06 20:12:29
96772,Laura Brown,"127 Oak Street, Dublin",PAYING,PAY CURR,2025-09-06 20:29:47
86086,Laura Garcia,"68 Pine Road, Sligo",TRACE,GONEAWAY,2025-09-06 20:47:27
23382,David Garcia,"142 Hillcrest Road, Galway",OTHER,ARCHIVED,2025-09-06 21:11:40
48388,Alex Smith,"63 Hillcrest Road, Limerick",PAYING,PAY PROP,2025-09-06 23:37:47
16402,Sarah Rodriguez,"146 Maple Avenue, Limerick",TRACE,GONEAWAY,2025-09-07 00:29:33
86556,Michael Brown,"113 Elm Street, Kilkenny",COLLECTIONS,PAY OVER,2025-09-07 01:08:41
47857,James Garcia,"133 Cedar Lane, Dublin",PAYING,PAY PROP,2025-09-07 01:15:22
26696,Sarah Rodriguez,"73 Maple Avenue, Kilkenny",PAYING,PAY CURR,2025-09-07 02:12:39
14567,Sophia Davis,"52 Elm Street, Belfast",COLLECTIONS,CASSIST2,2025-09-07 08:44:58
51596,James Rodriguez,"150 Oak Street, Sligo",OTHER,ARCHIVED,2025-09-07 09:21:19
17346,Daniel Wilson,"37 Riverside Drive, Limerick",OTHER,ARCHIVED,2025-09-07 15:27:36
59791,Emma Martinez,"93 Elm Street, Cork",OTHER,ARCHIVED,2025-09-07 16:54:00
31527,Sarah Garcia,"145 Oak Street, Kilkenny",COLLECTIONS,TELSOLUTIONS1,2025-09-07 19:33:32
31933,David Williams,"15 Elm Street, Cork",COLLECTIONS,TELSOLUTIONS4,2025-09-08 02:15:28
31903,Alex Brown,"183 Cedar Lane, Waterford",COLLECTIONS,TELSOLUTIONS1,2025-09-08 07:51:06
71242,James Davis,"9 Hillcrest Road, Kilkenny",LEGAL,LEG VERIF 1,2025-09-09 04:41:23
95230,Sophia Rodriguez,"48 Sunset Boulevard, Limerick",PAYING,PAY PROP,2025-09-09 08:47:18
46986,James Martinez,"81 Hillcrest Road, Belfast",TRACE,GONEAWAY,2025-09-09 09:46:37
27497,John Garcia,"165 Maple Avenue, Limerick",PAYING,PAY CURR,2025-09-09 10:57:57
72758,Emma Brown,"197 Oak Street, Dublin",OTHER,ARCHIVED,2025-09-09 19:44:05
19986,Alex Smith,"130 Oak Street, Galway",SETTLED,SETTLED,2025-09-09 23:35:14
96035,Laura Garcia,"59 Maple Avenue, Sligo",SETTLED,SETTLED,2025-09-10 13:19:25
94751,Emma Rodriguez,"158 Maple Avenue, Kilkenny",PAYING,PAY PROP,2025-09-11 00:51:14
39629,Michael Jones,"178 Cedar Lane, Sligo",LEGAL,LEG_TIT,2025-09-11 01:43:26
74894,Emma Garcia,"190 Sunset Boulevard, Belfast",OTHER,ARCHIVED,2025-09-11 02:07:08
54885,Olivia Williams,"53 Riverside Drive, Galway",OTHER,ARCHIVED,2025-09-11 02:40:50
87432,John Martinez,"107 Pine Road, Dublin",OTHER,ARCHIVED,2025-09-11 03:01:05
99755,Michael Johnson,"45 Pine Road, Kilkenny",LEGAL,HOLD FO,2025-09-11 07:46:56
34108,Laura Jones,"183 Pine Road, Galway",SETTLED,SETTLED,2025-09-11 08:09:11
42252,Sophia Johnson,"150 Sunset Boulevard, Kilkenny",SETTLED,SETTLED,2025-09-11 13:15:34
10180,Olivia Davis,"3 Elm Street, Limerick",PAYING,PAY PROP,2025-09-11 14:04:18
78416,Laura Wilson,"31 Hillcrest Road, Limerick",SETTLED,SETTLED,2025-09-11 15:08:17
98909,Michael Rodriguez,"83 Maple Avenue, Limerick",LEGAL,LEG_NOT,2025-09-11 15:10:28
13416,Emma Wilson,"58 Pine Road, Dublin",OTHER,ARCHIVED,2025-09-11 15:54:27
19413,Sophia Jones,"52 Sunset Boulevard, Limerick",COLLECTIONS,PAY OVER,2025-09-11 17:03:49
57074,James Jones,"76 Sunset Boulevard, Dublin",SETTLED,SETTLED,2025-09-11 17:47:58
66787,Alex Rodriguez,"26 Elm Street, Sligo",COLLECTIONS,PAY OVER,2025-09-11 21:53:44
68126,Olivia Davis,"162 Maple Avenue, Limerick",SETTLED,SETTLED,2025-09-11 23:59:57
65559,Sophia Miller,"7 Maple Avenue, Kilkenny",COLLECTIONS,CANCEL4,2025-09-13 01:09:40
35861,David Johnson,"103 Cedar Lane, Galway",TRACE,GONEAWAY,2025-09-13 06:29:45
94928,John Williams,"19 Pine Road, Belfast",PAYING,PAY PROP,2025-09-13 06:38:51
74670,Laura Rodriguez,"189 Maple Avenue, Galway",SETTLED,SETTLED,2025-09-13 08:05:39
63368,John Johnson,"56 Elm Street, Limerick",COLLECTIONS,PRIME_D,2025-09-13 08:45:27
25733,David Brown,"63 Sunset Boulevard, Kilkenny",SETTLED,SETTLED,2025-09-13 09:18:59
17993,Alex Smith,"170 Sunset Boulevard, Belfast",COLLECTIONS,CANCEL4,2025-09-13 10:38:24
20307,James Williams,"149 Riverside Drive, Limerick",LEGAL,LEG_TIT,2025-09-13 12:56:25
33347,David Jones,"157 Sunset Boulevard, Sligo",LEGAL,LEG VERIF 1,2025-09-13 13:23:57
61582,David Garcia,"77 Riverside Drive, Belfast",LEGAL,HOLD FO,2025-09-13 13:53:42
19523,Michael Wilson,"179 Elm Street, Sligo",TRACE,GONEAWAY,2025-09-13 14:02:31
95157,Emma Jones,"67 Elm Street, Galway",COLLECTIONS,PRIME_D,2025-09-13 14:30:23
73980,Laura Martinez,"92 Cedar Lane, Limerick",SETTLED,SETTLED,2025-09-13 14:35:44
94751,Emma Rodriguez,"158 Maple Avenue, Kilkenny",TRACE,GONEAWAY,2025-09-13 14:49:03
65428,David Jones,"35 Hillcrest Road, Limerick",SETTLED,SETTLED,2025-09-13 16:12:37
41979,Daniel Williams,"168 Elm Street, Cork",SETTLED,SETTLED,2025-09-13 16:56:55
66755,Laura Martinez,"93 Elm Street, Sligo",PAYING,PAY CURR,2025-09-13 17:54:41
99755,Michael Johnson,"45 Pine Road, Kilkenny",LEGAL,LEG_NOT,2025-09-13 20:48:45
52436,Michael Rodriguez,"82 Elm Street, Waterford",INSOLVENCY,INS2,2025-09-13 21:00:51
39629,Michael Jones,"178 Cedar Lane, Sligo",TRACE,GONEAWAY,2025-09-13 22:43:27
66463,John Wilson,"104 Sunset Boulevard, Kilkenny",LEGAL,LEG_TIT,2025-09-14 01:31:16
42252,Sophia Johnson,"150 Sunset Boulevard, Kilkenny",PAYING,PAY CURR,2025-09-14 01:36:50
31658,Alex Wilson,"73 Riverside Drive, Cork",COLLECTIONS,PAY OVER,2025-09-14 04:51:50
13484,Maria Davis,"129 Cedar Lane, Galway",LEGAL,LEG VERIF 2,2025-09-14 09:54:05
64136,Laura Garcia,"146 Cedar Lane, Sligo",PAYING,PAY CURR,2025-09-14 15:19:27
52436,Michael Rodriguez,"82 Elm Street, Waterford",COLLECTIONS,TELSOLUTIONS4,2025-09-14 16:38:28
83620,David Wilson,"122 Pine Road, Waterford",INSOLVENCY,INS4,2025-09-14 21:45:38
13124,David Rodriguez,"90 Elm Street, Waterford",PAYING,PAY PROP,2025-09-15 04:00:10
33376,Emma Smith,"35 Sunset Boulevard, Kilkenny",COLLECTIONS,TELSOLUTIONS1,2025-09-15 05:57:02
34083,Michael Davis,"37 Hillcrest Road, Cork",LEGAL,LEG_TIT,2025-09-15 07:33:37
25726,Olivia Davis,"144 Riverside Drive, Galway",OTHER,ARCHIVED,2025-09-15 07:39:16
59940,James Smith,"74 Elm Street, Kilkenny",COLLECTIONS,TELSOLUTIONS1,2025-09-15 07:46:43
21453,John Garcia,"90 Sunset Boulevard, Waterford",OTHER,ARCHIVED,2025-09-15 12:43:06
33057,Olivia Jones,"21 Hillcrest Road, Cork",OTHER,ARCHIVED,2025-09-15 14:06:03
52017,Maria Wilson,"152 Riverside Drive, Sligo",OTHER,ARCHIVED,2025-09-15 14:56:44
32283,James Johnson,"41 Pine Road, Cork",LEGAL,LEG VERIF 1,2025-09-15 15:08:39
53016,Laura Johnson,"197 Oak Street, Belfast",PAYING,PAY CURR,2025-09-15 16:06:32
74894,Emma Garcia,"190 Sunset Boulevard, Belfast",LEGAL,HOLD FO,2025-09-15 18:30:58
17670,Daniel Smith,"186 Hillcrest Road, Cork",INSOLVENCY,INS4,2025-09-15 20:13:53
71125,John Brown,"136 Maple Avenue, Kilkenny",PAYING,PAY PROP,2025-09-15 21:34:04
89178,Daniel Garcia,"76 Cedar Lane, Galway",LEGAL,LEG VERIF 1,2025-09-15 21:43:33
62495,Olivia Miller,"154 Elm Street, Limerick",TRACE,GONEAWAY,2025-09-15 21:43:45
35861,David Johnson,"103 Cedar Lane, Galway",PAYING,PAY PROP,2025-09-15 22:46:47
91710,Olivia Williams,"53 Sunset Boulevard, Limerick",INSOLVENCY,INSP,2025-09-15 23:01:13
55047,James Martinez,"78 Pine Road, Waterford",SETTLED,SETTLED,2025-09-16 01:42:54
82007,Sarah Williams,"99 Oak Street, Cork",SETTLED,SETTLED,2025-09-16 02:04:03
37744,Sophia Miller,"115 Oak Street, Limerick",COLLECTIONS,CANCEL2,2025-09-16 02:52:34
66106,Michael Davis,"56 Pine Road, Galway",SETTLED,SETTLED,2025-09-16 11:32:14
25633,Daniel Williams,"32 Sunset Boulevard, Sligo",SETTLED,SETTLED,2025-09-16 12:17:54
61934,Sarah Johnson,"36 Maple Avenue, Cork",COLLECTIONS,CANCEL2,2025-09-16 13:07:35
29593,Laura Jones,"9 Cedar Lane, Dublin",OTHER,ARCHIVED,2025-09-16 14:25:20
89612,Daniel Jones,"194 Cedar Lane, Cork",INSOLVENCY,INSP,2025-09-16 16:11:13
31658,Alex Wilson,"73 Riverside Drive, Cork",SETTLED,SETTLED,2025-09-16 17:48:19
74104,Sarah Rodriguez,"106 Riverside Drive, Kilkenny",COLLECTIONS,CANCEL4,2025-09-16 18:35:35
54296,Alex Garcia,"135 Oak Street, Belfast",COLLECTIONS,CANCEL2,2025-09-16 18:55:50
30746,Alex Miller,"32 Oak Street, Cork",INSOLVENCY,INS2,2025-09-16 22:34:36
52137,David Brown,"158 Cedar Lane, Sligo",COLLECTIONS,CANCEL2,2025-09-16 23:37:21
51216,Olivia Martinez,"180 Pine Road, Waterford",LEGAL,LEG_TIT,2025-09-17 02:56:02
34002,James Johnson,"200 Oak Street, Waterford",LEGAL,LEG VERIF 2,2025-09-17 04:37:02
95274,Laura Jones,"120 Maple Avenue, Kilkenny",LEGAL,HOLD FO,2025-09-17 08:57:24
13664,Emma Wilson,"1 Cedar Lane, Galway",PAYING,PAY CURR,2025-09-17 14:13:09
61279,Maria Smith,"51 Maple Avenue, Dublin",INSOLVENCY,INS2,2025-09-17 18:36:16
62595,Sarah Davis,"25 Pine Road, Sligo",PAYING,PAY CURR,2025-09-17 20:06:51
32283,James Johnson,"41 Pine Road, Cork",PAYING,PAY CURR,2025-09-17 21:35:07
62595,Sarah Davis,"25 Pine Road, Sligo",LEGAL,LEG_NOT,2025-09-17 21:59:44
11916,John Miller,"42 Cedar Lane, Kilkenny",TRACE,GONEAWAY,2025-09-18 01:37:24
44286,Sophia Davis,"160 Cedar Lane, Cork",INSOLVENCY,INS1,2025-09-18 02:28:31
82269,Maria Martinez,"175 Oak Street, Galway",PAYING,PAY PROP,2025-09-18 04:30:08
58120,Alex Jones,"138 Riverside Drive, Kilkenny",SETTLED,SETTLED,2025-09-18 07:16:31
34083,Michael Davis,"37 Hillcrest Road, Cork",PAYING,PAY CURR,2025-09-18 08:32:26
54341,Michael Davis,"164 Maple Avenue, Belfast",TRACE,GONEAWAY,2025-09-18 10:13:18
54765,Daniel Johnson,"88 Maple Avenue, Galway",INSOLVENCY,INS1,2025-09-18 12:22:10
59502,Emma Garcia,"105 Hillcrest Road, Cork",OTHER,ARCHIVED,2025-09-18 14:33:57
52436,Michael Rodriguez,"82 Elm Street, Waterford",INSOLVENCY,INS2,2025-09-18 16:27:06
35227,Emma Brown,"44 Hillcrest Road, Sligo",TRACE,GONEAWAY,2025-09-18 17:27:59
54123,Olivia Rodriguez,"79 Pine Road, Limerick",PAYING,PAY CURR,2025-09-18 19:10:36
42371,David Williams,"102 Elm Street, Belfast",PAYING,PAY PROP,2025-09-18 19:46:29
60663,Maria Smith,"86 Hillcrest Road, Cork",OTHER,ARCHIVED,2025-09-18 20:01:40
64713,John Johnson,"87 Oak Street, Belfast",INSOLVENCY,INS1,2025-09-18 20:59:24
81675,Alex Smith,"53 Maple Avenue, Kilkenny",OTHER,ARCHIVED,2025-09-18 22:03:32
93809,Sophia Brown,"68 Riverside Drive, Dublin",OTHER,ARCHIVED,2025-09-19 15:16:25
62106,Laura Brown,"183 Riverside Drive, Galway",OTHER,ARCHIVED,2025-09-20 01:00:47
13883,David Smith,"74 Sunset Boulevard, Cork",COLLECTIONS,PRIME,2025-09-20 01:21:54
35504,Daniel Garcia,"53 Cedar Lane, Kilkenny",COLLECTIONS,PAY OVER,2025-09-20 01:49:36
97132,Sophia Jones,"183 Oak Street, Belfast",INSOLVENCY,INS1,2025-09-20 05:47:48
93496,Emma Miller,"55 Sunset Boulevard, Sligo",INSOLVENCY,INS2,2025-09-20 07:17:01
31233,Daniel Wilson,"55 Maple Avenue, Waterford",LEGAL,LEG VERIF 1,2025-09-20 08:57:08
41546,David Williams,"178 Sunset Boulevard, Cork",INSOLVENCY,INS2,2025-09-20 09:06:45
91658,Olivia Davis,"106 Cedar Lane, Sligo",INSOLVENCY,INSP,2025-09-20 10:01:07
31658,Alex Wilson,"73 Riverside Drive, Cork",SETTLED,SETTLED,2025-09-20 10:38:26
10180,Olivia Davis,"3 Elm Street, Limerick",TRACE,GONEAWAY,2025-09-20 12:06:00
44060,Sarah Davis,"151 Cedar Lane, Kilkenny",COLLECTIONS,TELSOLUTIONS4,2025-09-20 12:15:41
30817,Daniel Johnson,"134 Hillcrest Road, Limerick",TRACE,GONEAWAY,2025-09-20 15:00:34
14184,Olivia Jones,"24 Oak Street, Dublin",TRACE,GONEAWAY,2025-09-20 15:18:00
55886,Daniel Jones,"57 Maple Avenue, Belfast",SETTLED,SETTLED,2025-09-20 15:57:37
86556,Michael Brown,"113 Elm Street, Kilkenny",TRACE,GONEAWAY,2025-09-20 18:03:11
20507,Olivia Rodriguez,"17 Maple Avenue, Dublin",INSOLVENCY,INSP,2025-09-20 18:23:51
37988,Olivia Martinez,"80 Sunset Boulevard, Belfast",SETTLED,SETTLED,2025-09-20 19:00:11
91402,Alex Rodriguez,"161 Hillcrest Road, Dublin",LEGAL,LEG_NOT,2025-09-20 20:22:00
13356,James Jones,"85 Cedar Lane, Cork",SETTLED,SETTLED,2025-09-20 20:59:27
59505,Daniel Wilson,"113 Pine Road, Limerick",COLLECTIONS,TELSOLUTIONS4,2025-09-21 00:49:38
66106,Michael Davis,"56 Pine Road, Galway",PAYING,PAY PROP,2025-09-21 01:02:08
52137,David Brown,"158 Cedar Lane, Sligo",INSOLVENCY,INS2,2025-09-21 02:00:24
18486,Olivia Rodriguez,"20 Oak Street, Dublin",SETTLED,SETTLED,2025-09-21 05:18:46
83620,David Wilson,"122 Pine Road, Waterford",SETTLED,SETTLED,2025-09-21 05:25:15
23780,David Williams,"197 Hillcrest Road, Cork",SETTLED,SETTLED,2025-09-21 07:08:48
46369,Emma Jones,"85 Sunset Boulevard, Sligo",TRACE,GONEAWAY,2025-09-21 09:41:17
83051,James Miller,"200 Hillcrest Road, Waterford",TRACE,GONEAWAY,2025-09-21 12:37:54
27543,John Jones,"90 Elm Street, Kilkenny",COLLECTIONS,TELSOLUTIONS1,2025-09-21 13:10:37
42494,Olivia Rodriguez,"146 Pine Road, Waterford",COLLECTIONS,CASSIST2,2025-09-21 15:02:16
68126,Olivia Davis,"162 Maple Avenue, Limerick",COLLECTIONS,PAY OVER,2025-09-21 15:58:50
72838,Laura Martinez,"18 Elm Street, Waterford",INSOLVENCY,INS1,2025-09-21 19:52:38
10506,David Jones,"106 Pine Road, Waterford",OTHER,ARCHIVED,2025-09-21 20:45:46
22047,James Jones,"37 Sunset Boulevard, Belfast",SETTLED,SETTLED,2025-09-21 21:29:40
32552,Sophia Smith,"145 Cedar Lane, Cork",LEGAL,HOLD FO,2025-09-22 00:01:16
62692,Maria Miller,"186 Maple Avenue, Sligo",PAYING,PAY PROP,2025-09-22 01:02:32
37628,Maria Johnson,"30 Pine Road, Cork",OTHER,ARCHIVED,2025-09-22 01:18:32
47532,Sophia Jones,"89 Riverside Drive, Sligo",LEGAL,LEG_NOT,2025-09-22 01:36:31
67443,Sarah Brown,"134 Cedar Lane, Galway",COLLECTIONS,PAY OVER,2025-09-22 02:30:06
60840,James Miller,"74 Riverside Drive, Limerick",COLLECTIONS,TELSOLUTIONS4,2025-09-22 05:11:19
97989,David Williams,"177 Pine Road, Kilkenny",INSOLVENCY,INSP,2025-09-22 08:49:57
66755,Laura Martinez,"93 Elm Street, Sligo",SETTLED,SETTLED,2025-09-22 08:55:54
89612,Daniel Jones,"194 Cedar Lane, Cork",OTHER,ARCHIVED,2025-09-22 09:27:25
28442,Emma Rodriguez,"145 Elm Street, Dublin",LEGAL,LEG_TIT,2025-09-22 10:55:37
36810,Maria Martinez,"81 Riverside Drive, Belfast",INSOLVENCY,INS3,2025-09-22 12:27:52
67396,Maria Johnson,"32 Riverside Drive, Sligo",COLLECTIONS,CASSIST2,2025-09-22 14:25:41
18486,Olivia Rodriguez,"20 Oak Street, Dublin",LEGAL,LEG VERIF 1,2025-09-22 14:57:12
39116,Olivia Johnson,"62 Oak Street, Cork",OTHER,ARCHIVED,2025-09-22 16:23:57
41740,John Johnson,"78 Cedar Lane, Dublin",SETTLED,SETTLED,2025-09-22 16:55:06
25635,David Martinez,"75 Maple Avenue, Galway",SETTLED,SETTLED,2025-09-22 17:38:31
88716,Emma Rodriguez,"113 Cedar Lane, Galway",SETTLED,SETTLED,2025-09-22 17:48:22
56539,Sophia Smith,"11 Riverside Drive, Cork",SETTLED,SETTLED,2025-09-22 21:49:44
82007,Sarah Williams,"99 Oak Street, Cork",OTHER,ARCHIVED,2025-09-22 21:58:33
24762,Laura Williams,"139 Sunset Boulevard, Sligo",INSOLVENCY,INS3,2025-09-23 03:58:46
34002,James Johnson,"200 Oak Street, Waterford",PAYING,PAY PROP,2025-09-23 16:47:21
61708,John Davis,"142 Elm Street, Dublin",LEGAL,LEG_NOT,2025-09-23 22:57:38
91331,Olivia Rodriguez,"24 Cedar Lane, Dublin",INSOLVENCY,INS3,2025-09-24 01:21:31
95230,Sophia Rodriguez,"48 Sunset Boulevard, Limerick",OTHER,ARCHIVED,2025-09-24 03:15:23
90725,David Williams,"35 Oak Street, Cork",OTHER,ARCHIVED,2025-09-24 05:14:22
13416,Emma Wilson,"58 Pine Road, Dublin",INSOLVENCY,INSP,2025-09-24 07:01:08
14184,Olivia Jones,"24 Oak Street, Dublin",SETTLED,SETTLED,2025-09-24 07:48:37
16628,Sarah Rodriguez,"164 Pine Road, Galway",INSOLVENCY,INS4,2025-09-24 10:22:20
94928,John Williams,"19 Pine Road, Belfast",TRACE,GONEAWAY,2025-09-24 11:13:04
13883,David Smith,"74 Sunset Boulevard, Cork",COLLECTIONS,PAY OVER,2025-09-24 12:09:08
52219,David Davis,"157 Oak Street, Kilkenny",INSOLVENCY,INS3,2025-09-24 14:00:03
83943,David Wilson,"188 Cedar Lane, Belfast",TRACE,GONEAWAY,2025-09-24 14:00:49
74428,Laura Martinez,"15 Cedar Lane, Kilkenny",SETTLED,SETTLED,2025-09-24 17:32:07
42747,Sarah Brown,"179 Hillcrest Road, Waterford",INSOLVENCY,INS1,2025-09-24 17:48:22
44502,Maria Williams,"27 Elm Street, Kilkenny",LEGAL,LEG VERIF 2,2025-09-24 19:20:26
17948,Alex Martinez,"128 Riverside Drive, Kilkenny",TRACE,GONEAWAY,2025-09-24 19:27:58
94751,Emma Rodriguez,"158 Maple Avenue, Kilkenny",PAYING,PAY PROP,2025-09-24 19:43:04
84256,Sarah Brown,"185 Elm Street, Waterford",COLLECTIONS,TELSOLUTIONS4,2025-09-24 21:15:33
85466,David Williams,"131 Cedar Lane, Dublin",PAYING,PAY PROP,2025-09-25 01:29:25
73980,Laura Martinez,"92 Cedar Lane, Limerick",OTHER,ARCHIVED,2025-09-26 03:55:57
94928,John Williams,"19 Pine Road, Belfast",OTHER,ARCHIVED,2025-09-26 08:37:52
92221,David Garcia,"125 Sunset Boulevard, Sligo",SETTLED,SETTLED,2025-09-26 10:04:08
38621,John Wilson,"37 Maple Avenue, Dublin",PAYING,PAY CURR,2025-09-26 14:41:10
10585,Michael Davis,"71 Riverside Drive, Belfast",COLLECTIONS,PAY OVER,2025-09-26 16:08:37
98254,Sarah Rodriguez,"3 Pine Road, Sligo",LEGAL,LEG VERIF 1,2025-09-27 12:16:40
95599,Michael Wilson,"70 Maple Avenue, Sligo",PAYING,PAY PROP,2025-09-28 03:46:42
88716,Emma Rodriguez,"113 Cedar Lane, Galway",COLLECTIONS,CASSIST2,2025-09-28 14:06:26
40198,Alex Williams,"6 Maple Avenue, Kilkenny",OTHER,ARCHIVED,2025-09-28 15:06:25
89637,Olivia Smith,"50 Cedar Lane, Dublin",TRACE,GONEAWAY,2025-09-28 16:04:04
74104,Sarah Rodriguez,"106 Riverside Drive, Kilkenny",INSOLVENCY,INS3,2025-09-28 17:23:32
76500,John Garcia,"176 Sunset Boulevard, Cork",COLLECTIONS,PAY OVER,2025-09-30 02:26:15
46545,David Davis,"101 Sunset Boulevard, Waterford",TRACE,GONEAWAY,2025-09-30 02:58:05
98849,Laura Wilson,"152 Oak Street, Cork",COLLECTIONS,TELSOLUTIONS1,2025-09-30 06:20:07
50515,Sarah Miller,"153 Pine Road, Limerick",TRACE,GONEAWAY,2025-09-30 09:26:07
59791,Emma Martinez,"93 Elm Street, Cork",SETTLED,SETTLED,2025-09-30 09:30:39
63848,Emma Williams,"57 Oak Street, Limerick",TRACE,GONEAWAY,2025-09-30 10:29:54
95230,Sophia Rodriguez,"48 Sunset Boulevard, Limerick",OTHER,ARCHIVED,2025-09-30 14:46:21
32252,Michael Brown,"111 Elm Street, Belfast",PAYING,PAY CURR,2025-09-30 15:05:15
89082,Michael Smith,"188 Hillcrest Road, Belfast",INSOLVENCY,INS3,2025-09-30 17:21:18
47857,James Garcia,"133 Cedar Lane, Dublin",PAYING,PAY PROP,2025-09-30 19:28:58
85869,Sarah Miller,"159 Pine Road, Sligo",COLLECTIONS,CANCEL2,2025-10-01 02:26:49
93809,Sophia Brown,"68 Riverside Drive, Dublin",INSOLVENCY,INS3,2025-10-01 03:17:51
62345,Laura Miller,"189 Cedar Lane, Cork",INSOLVENCY,INS2,2025-10-01 04:52:20
13861,David Smith,"185 Maple Avenue, Dublin",INSOLVENCY,INS2,2025-10-01 04:53:39
42252,Sophia Johnson,"150 Sunset Boulevard, Kilkenny",COLLECTIONS,TELSOLUTIONS1,2025-10-01 05:03:22
22385,Sarah Davis,"64 Sunset Boulevard, Dublin",PAYING,PAY PROP,2025-10-01 06:01:33
60001,Alex Brown,"57 Cedar Lane, Kilkenny",INSOLVENCY,INS4,2025-10-01 06:50:43
62106,Laura Brown,"183 Riverside Drive, Galway",SETTLED,SETTLED,2025-10-01 10:17:17
68126,Olivia Davis,"162 Maple Avenue, Limerick",OTHER,ARCHIVED,2025-10-01 11:28:51
32252,Michael Brown,"111 Elm Street, Belfast",OTHER,ARCHIVED,2025-10-01 14:10:08
91142,Michael Rodriguez,"159 Pine Road, Waterford",SETTLED,SETTLED,2025-10-01 15:58:27
29836,John Johnson,"74 Sunset Boulevard, Waterford",COLLECTIONS,TELSOLUTIONS4,2025-10-01 16:22:53
13057,David Williams,"64 Elm Street, Cork",SETTLED,SETTLED,2025-10-01 19:04:30
21399,David Williams,"41 Pine Road, Sligo",LEGAL,LEG VERIF 1,2025-10-01 21:08:22
72758,Emma Brown,"197 Oak Street, Dublin",INSOLVENCY,INS4,2025-10-01 21:19:22
20307,James Williams,"149 Riverside Drive, Limerick",PAYING,PAY CURR,2025-10-02 07:39:20
43314,Michael Miller,"13 Elm Street, Belfast",COLLECTIONS,PRIME,2025-10-02 11:33:31
19086,Laura Brown,"88 Cedar Lane, Sligo",INSOLVENCY,INSP,2025-10-02 13:18:26
54275,Alex Jones,"90 Oak Street, Sligo",PAYING,PAY PROP,2025-10-02 15:21:01
34177,Sarah Jones,"63 Hillcrest Road, Limerick",INSOLVENCY,INS1,2025-10-02 15:30:35
43403,Laura Brown,"183 Hillcrest Road, Dublin",LEGAL,LEG_TIT,2025-10-02 19:09:02
77426,Alex Miller,"136 Elm Street, Dublin",LEGAL,LEG_NOT,2025-10-03 03:13:23
98909,Michael Rodriguez,"83 Maple Avenue, Limerick",INSOLVENCY,INS1,2025-10-03 05:21:55
95157,Emma Jones,"67 Elm Street, Galway",OTHER,ARCHIVED,2025-10-03 05:26:50
49999,James Miller,"47 Riverside Drive, Limerick",OTHER,ARCHIVED,2025-10-03 06:09:54
94956,Alex Jones,"144 Riverside Drive, Limerick",SETTLED,SETTLED,2025-10-03 09:24:49
19372,Michael Johnson,"33 Maple Avenue, Belfast",COLLECTIONS,PAY OVER,2025-10-03 09:46:32
85466,David Williams,"131 Cedar Lane, Dublin",SETTLED,SETTLED,2025-10-03 15:46:21
83652,Maria Brown,"121 Elm Street, Limerick",TRACE,GONEAWAY,2025-10-03 16:00:27
63099,Alex Martinez,"170 Elm Street, Kilkenny",SETTLED,SETTLED,2025-10-03 17:55:09
62345,Laura Miller,"189 Cedar Lane, Cork",SETTLED,SETTLED,2025-10-03 20:17:35
67396,Maria Johnson,"32 Riverside Drive, Sligo",OTHER,ARCHIVED,2025-10-03 20:26:19
64136,Laura Garcia,"146 Cedar Lane, Sligo",COLLECTIONS,PRIME_D,2025-10-03 20:42:15
23982,James Jones,"81 Pine Road, Kilkenny",OTHER,ARCHIVED,2025-10-03 22:03:38
47862,James Williams,"77 Riverside Drive, Galway",PAYING,PAY CURR,2025-10-04 01:00:16
11254,Maria Brown,"48 Elm Street, Kilkenny",PAYING,PAY PROP,2025-10-04 01:05:31
11916,John Miller,"42 Cedar Lane, Kilkenny",COLLECTIONS,PAY OVER,2025-10-04 03:40:59
68436,Emma Johnson,"189 Oak Street, Cork",SETTLED,SETTLED,2025-10-04 04:33:48
87921,Alex Brown,"3 Hillcrest Road, Galway",LEGAL,LEG_TIT,2025-10-04 04:58:03
28382,Daniel Miller,"64 Maple Avenue, Kilkenny",INSOLVENCY,INSP,2025-10-04 05:36:42
98172,Emma Williams,"110 Cedar Lane, Limerick",OTHER,ARCHIVED,2025-10-04 10:30:35
67687,Maria Martinez,"196 Riverside Drive, Belfast",PAYING,PAY CURR,2025-10-04 11:52:49
28442,Emma Rodriguez,"145 Elm Street, Dublin",PAYING,PAY CURR,2025-10-04 12:33:55
45393,Emma Wilson,"84 Sunset Boulevard, Galway",OTHER,ARCHIVED,2025-10-04 13:37:36
46662,Michael Johnson,"87 Elm Street, Kilkenny",OTHER,ARCHIVED,2025-10-04 15:27:59
40733,Daniel Miller,"77 Cedar Lane, Belfast",TRACE,GONEAWAY,2025-10-04 15:35:45
26066,James Jones,"161 Pine Road, Waterford",TRACE,GONEAWAY,2025-10-04 16:58:11
95599,Michael Wilson,"70 Maple Avenue, Sligo",LEGAL,LEG VERIF 1,2025-10-04 21:05:07
86556,Michael Brown,"113 Elm Street, Kilkenny",TRACE,GONEAWAY,2025-10-04 22:03:53
55047,James Martinez,"78 Pine Road, Waterford",INSOLVENCY,INS2,2025-10-05 00:11:05
32252,Michael Brown,"111 Elm Street, Belfast",TRACE,GONEAWAY,2025-10-05 00:30:11
69313,Alex Davis,"143 Riverside Drive, Cork",PAYING,PAY CURR,2025-10-05 04:27:28
62595,Sarah Davis,"25 Pine Road, Sligo",INSOLVENCY,INS4,2025-10-05 05:31:05
63099,Alex Martinez,"170 Elm Street, Kilkenny",SETTLED,SETTLED,2025-10-05 05:57:31
55044,Emma Wilson,"74 Riverside Drive, Galway",LEGAL,HOLD FO,2025-10-05 07:57:50
36810,Maria Martinez,"81 Riverside Drive, Belfast",TRACE,GONEAWAY,2025-10-05 08:03:07
52017,Maria Wilson,"152 Riverside Drive, Sligo",PAYING,PAY CURR,2025-10-05 08:33:43
58434,James Rodriguez,"134 Maple Avenue, Belfast",TRACE,GONEAWAY,2025-10-05 11:26:01
77513,Laura Smith,"35 Hillcrest Road, Belfast",TRACE,GONEAWAY,2025-10-05 15:49:55
26096,Sarah Jones,"154 Elm Street, Sligo",OTHER,ARCHIVED,2025-10-05 15:51:51
58064,Emma Williams,"123 Elm Street, Waterford",TRACE,GONEAWAY,2025-10-05 17:37:55
39629,Michael Jones,"178 Cedar Lane, Sligo",INSOLVENCY,INS4,2025-10-05 18:03:42
73556,Emma Rodriguez,"154 Oak Street, Belfast",SETTLED,SETTLED,2025-10-05 19:35:39
37781,David Wilson,"105 Riverside Drive, Belfast",TRACE,GONEAWAY,2025-10-05 21:08:30
62836,Sarah Brown,"85 Pine Road, Sligo",OTHER,ARCHIVED,2025-10-05 21:58:39
82789,Maria Garcia,"57 Oak Street, Galway",OTHER,ARCHIVED,2025-10-06 00:02:39
26232,Daniel Davis,"106 Pine Road, Belfast",COLLECTIONS,PRIME_D,2025-10-06 01:40:15
42247,Alex Jones,"21 Cedar Lane, Waterford",TRACE,GONEAWAY,2025-10-06 02:13:26
40540,Daniel Martinez,"168 Pine Road, Cork",TRACE,GONEAWAY,2025-10-06 03:37:40
64713,John Johnson,"87 Oak Street, Belfast",COLLECTIONS,CANCEL4,2025-10-06 04:11:37
59791,Emma Martinez,"93 Elm Street, Cork",INSOLVENCY,INS4,2025-10-06 04:33:53
93496,Emma Miller,"55 Sunset Boulevard, Sligo",OTHER,ARCHIVED,2025-10-06 05:49:25
91537,David Martinez,"163 Pine Road, Sligo",SETTLED,SETTLED,2025-10-06 05:57:53
37988,Olivia Martinez,"80 Sunset Boulevard, Belfast",COLLECTIONS,TELSOLUTIONS4,2025-10-06 06:44:39
77917,Laura Miller,"68 Hillcrest Road, Sligo",PAYING,PAY PROP,2025-10-06 07:12:50
14567,Sophia Davis,"52 Elm Street, Belfast",OTHER,ARCHIVED,2025-10-06 08:39:56
11356,Maria Williams,"147 Oak Street, Galway",COLLECTIONS,TELSOLUTIONS4,2025-10-06 09:30:33
26742,Laura Miller,"18 Maple Avenue, Waterford",COLLECTIONS,PRIME_D,2025-10-06 09:31:55
47862,James Williams,"77 Riverside Drive, Galway",LEGAL,LEG_NOT,2025-10-06 11:16:02
35504,Daniel Garcia,"53 Cedar Lane, Kilkenny",OTHER,ARCHIVED,2025-10-06 11:37:18
10869,John Williams,"5 Hillcrest Road, Dublin",COLLECTIONS,TELSOLUTIONS4,2025-10-06 12:55:45
52137,David Brown,"158 Cedar Lane, Sligo",INSOLVENCY,INS2,2025-10-06 15:10:00
97661,Laura Williams,"148 Oak Street, Limerick",LEGAL,LEG VERIF 1,2025-10-06 16:53:21
76500,John Garcia,"176 Sunset Boulevard, Cork",PAYING,PAY CURR,2025-10-06 17:28:21
44286,Sophia Davis,"160 Cedar Lane, Cork",INSOLVENCY,INS1,2025-10-06 23:51:37
16402,Sarah Rodriguez,"146 Maple Avenue, Limerick",TRACE,GONEAWAY,2025-10-07 00:22:43
82526,John Davis,"136 Riverside Drive, Galway",SETTLED,SETTLED,2025-10-07 07:11:32
54549,Olivia Miller,"41 Hillcrest Road, Kilkenny",TRACE,GONEAWAY,2025-10-07 10:17:40
95324,Emma Brown,"136 Cedar Lane, Sligo",PAYING,PAY PROP,2025-10-07 13:54:47
28504,Maria Jones,"169 Oak Street, Sligo",COLLECTIONS,PAY OVER,2025-10-07 16:11:11
34083,Michael Davis,"37 Hillcrest Road, Cork",INSOLVENCY,INS2,2025-10-07 20:12:22
21415,David Jones,"172 Maple Avenue, Kilkenny",SETTLED,SETTLED,2025-10-07 21:14:42
14184,Olivia Jones,"24 Oak Street, Dublin",SETTLED,SETTLED,2025-10-07 23:11:09
31233,Daniel Wilson,"55 Maple Avenue, Waterford",COLLECTIONS,PAY OVER,2025-10-08 01:28:19
60048,Sophia Williams,"132 Hillcrest Road, Waterford",PAYING,PAY CURR,2025-10-08 04:49:24
81469,Sarah Johnson,"130 Elm Street, Belfast",LEGAL,LEG_NOT,2025-10-08 05:36:13
27223,Sophia Rodriguez,"165 Cedar Lane, Kilkenny",COLLECTIONS,TELSOLUTIONS1,2025-10-08 07:58:10
48354,Michael Smith,"186 Sunset Boulevard, Kilkenny",OTHER,ARCHIVED,2025-10-08 12:11:59
66755,Laura Martinez,"93 Elm Street, Sligo",OTHER,ARCHIVED,2025-10-08 15:41:38
44060,Sarah Davis,"151 Cedar Lane, Kilkenny",LEGAL,LEG_NOT,2025-10-08 16:10:53
87432,John Martinez,"107 Pine Road, Dublin",OTHER,ARCHIVED,2025-10-08 19:35:14
42252,Sophia Johnson,"150 Sunset Boulevard, Kilkenny",COLLECTIONS,TELSOLUTIONS4,2025-10-08 19:42:49
17993,Alex Smith,"170 Sunset Boulevard, Belfast",COLLECTIONS,TELSOLUTIONS1,2025-10-08 19:53:23
91710,Olivia Williams,"53 Sunset Boulevard, Limerick",LEGAL,HOLD FO,2025-10-08 21:20:09
27800,Olivia Davis,"28 Sunset Boulevard, Waterford",LEGAL,LEG_NOT,2025-10-08 23:58:04
91537,David Martinez,"163 Pine Road, Sligo",INSOLVENCY,INS3,2025-10-10 06:38:09
13124,David Rodriguez,"90 Elm Street, Waterford",SETTLED,SETTLED,2025-10-10 13:01:58
86015,Sarah Miller,"151 Sunset Boulevard, Kilkenny",LEGAL,LEG_TIT,2025-10-10 19:40:45
63223,Daniel Smith,"39 Oak Street, Kilkenny",TRACE,GONEAWAY,2025-10-10 20:56:07
40856,Alex Rodriguez,"39 Elm Street, Sligo",TRACE,GONEAWAY,2025-10-12 07:26:07
78078,John Miller,"48 Riverside Drive, Limerick",COLLECTIONS,CANCEL2,2025-10-12 11:06:11
43108,Maria Martinez,"109 Sunset Boulevard, Kilkenny",TRACE,GONEAWAY,2025-10-12 15:33:06
54885,Olivia Williams,"53 Riverside Drive, Galway",SETTLED,SETTLED,2025-10-12 19:49:58
89946,John Brown,"125 Maple Avenue, Cork",INSOLVENCY,INSP,2025-10-13 03:35:03
28382,Daniel Miller,"64 Maple Avenue, Kilkenny",TRACE,GONEAWAY,2025-10-13 08:38:08
19675,James Davis,"154 Hillcrest Road, Dublin",SETTLED,SETTLED,2025-10-13 08:52:12
33783,Emma Garcia,"158 Cedar Lane, Belfast",PAYING,PAY PROP,2025-10-13 10:33:49
17413,Emma Martinez,"195 Riverside Drive, Kilkenny",SETTLED,SETTLED,2025-10-13 10:44:33
99694,Sophia Rodriguez,"10 Elm Street, Belfast",TRACE,GONEAWAY,2025-10-13 15:03:01
96772,Laura Brown,"127 Oak Street, Dublin",TRACE,GONEAWAY,2025-10-13 15:06:52
97989,David Williams,"177 Pine Road, Kilkenny",LEGAL,HOLD FO,2025-10-13 15:51:39
49823,Alex Jones,"1 Maple Avenue, Belfast",OTHER,ARCHIVED,2025-10-14 01:00:49
10388,Laura Garcia,"58 Elm Street, Dublin",PAYING,PAY CURR,2025-10-14 01:27:00
39629,Michael Jones,"178 Cedar Lane, Sligo",TRACE,GONEAWAY,2025-10-14 01:50:10
26066,James Jones,"161 Pine Road, Waterford",PAYING,PAY PROP,2025-10-14 03:31:31
36810,Maria Martinez,"81 Riverside Drive, Belfast",PAYING,PAY PROP,2025-10-14 06:05:49
95230,Sophia Rodriguez,"48 Sunset Boulevard, Limerick",INSOLVENCY,INSP,2025-10-14 06:31:53
98794,Sarah Martinez,"10 Maple Avenue, Cork",PAYING,PAY CURR,2025-10-14 07:25:29
82526,John Davis,"136 Riverside Drive, Galway",PAYING,PAY CURR,2025-10-14 10:28:01
31658,Alex Wilson,"73 Riverside Drive, Cork",PAYING,PAY PROP,2025-10-14 15:19:04
42247,Alex Jones,"21 Cedar Lane, Waterford",PAYING,PAY PROP,2025-10-14 17:01:55
42371,David Williams,"102 Elm Street, Belfast",PAYING,PAY CURR,2025-10-14 21:24:15
91710,Olivia Williams,"53 Sunset Boulevard, Limerick",LEGAL,LEG_TIT,2025-10-14 22:04:04
47532,Sophia Jones,"89 Riverside Drive, Sligo",COLLECTIONS,CASSIST2,2025-10-14 22:32:07
25000,Maria Martinez,"48 Elm Street, Galway",OTHER,ARCHIVED,2025-10-14 23:48:24
20507,Olivia Rodriguez,"17 Maple Avenue, Dublin",PAYING,PAY PROP,2025-10-15 00:23:22
46986,James Martinez,"81 Hillcrest Road, Belfast",SETTLED,SETTLED,2025-10-15 01:14:13
97132,Sophia Jones,"183 Oak Street, Belfast",PAYING,PAY PROP,2025-10-15 04:04:54
86347,Michael Johnson,"31 Pine Road, Galway",COLLECTIONS,PRIME_D,2025-10-15 04:05:03
64246,Laura Smith,"182 Riverside Drive, Galway",COLLECTIONS,CANCEL4,2025-10-15 04:14:52
89637,Olivia Smith,"50 Cedar Lane, Dublin",TRACE,GONEAWAY,2025-10-15 04:51:12
33347,David Jones,"157 Sunset Boulevard, Sligo",TRACE,GONEAWAY,2025-10-15 05:06:16
44476,David Martinez,"26 Cedar Lane, Cork",INSOLVENCY,INS1,2025-10-15 06:04:17
92889,John Martinez,"90 Cedar Lane, Waterford",TRACE,GONEAWAY,2025-10-15 09:52:10
47808,James Garcia,"200 Elm Street, Belfast",INSOLVENCY,INSP,2025-10-15 16:04:05
40856,Alex Rodriguez,"39 Elm Street, Sligo",PAYING,PAY CURR,2025-10-15 19:42:46
52609,Sophia Brown,"53 Pine Road, Limerick",TRACE,GONEAWAY,2025-10-16 00:13:25
42371,David Williams,"102 Elm Street, Belfast",INSOLVENCY,INS2,2025-10-16 01:54:34
37988,Olivia Martinez,"80 Sunset Boulevard, Belfast",SETTLED,SETTLED,2025-10-16 05:02:58
68861,Emma Rodriguez,"115 Sunset Boulevard, Cork",INSOLVENCY,INS1,2025-10-16 11:18:41
77535,Michael Johnson,"25 Maple Avenue, Sligo",TRACE,GONEAWAY,2025-10-16 12:41:52
90213,Laura Smith,"33 Riverside Drive, Kilkenny",COLLECTIONS,PRIME_D,2025-10-16 14:23:16
91678,Laura Garcia,"104 Cedar Lane, Waterford",SETTLED,SETTLED,2025-10-16 14:48:42
21453,John Garcia,"90 Sunset Boulevard, Waterford",TRACE,GONEAWAY,2025-10-16 15:43:13
40733,Daniel Miller,"77 Cedar Lane, Belfast",INSOLVENCY,INS4,2025-10-16 15:53:47
47808,James Garcia,"200 Elm Street, Belfast",SETTLED,SETTLED,2025-10-16 18:05:07
19986,Alex Smith,"130 Oak Street, Galway",LEGAL,LEG VERIF 2,2025-10-16 20:07:21
46986,James Martinez,"81 Hillcrest Road, Belfast",INSOLVENCY,INSP,2025-10-16 22:24:32
85173,Emma Martinez,"141 Sunset Boulevard, Cork",LEGAL,LEG_TIT,2025-10-17 05:29:11
78416,Laura Wilson,"31 Hillcrest Road, Limerick",PAYING,PAY PROP,2025-10-17 05:36:59
11352,Alex Johnson,"38 Hillcrest Road, Sligo",SETTLED,SETTLED,2025-10-17 10:00:33
38621,John Wilson,"37 Maple Avenue, Dublin",SETTLED,SETTLED,2025-10-17 15:27:23
67396,Maria Johnson,"32 Riverside Drive, Sligo",SETTLED,SETTLED,2025-10-17 16:46:25
16077,Alex Jones,"35 Riverside Drive, Waterford",TRACE,GONEAWAY,2025-10-17 16:47:58
31658,Alex Wilson,"73 Riverside Drive, Cork",OTHER,ARCHIVED,2025-10-17 17:15:32
34223,Sophia Davis,"55 Riverside Drive, Belfast",LEGAL,LEG VERIF 2,2025-10-18 00:12:49
70437,Olivia Miller,"185 Oak Street, Belfast",SETTLED,SETTLED,2025-10-18 00:38:16
20507,Olivia Rodriguez,"17 Maple Avenue, Dublin",LEGAL,HOLD FO,2025-10-18 02:33:31
67687,Maria Martinez,"196 Riverside Drive, Belfast",TRACE,GONEAWAY,2025-10-18 02:42:45
72278,Laura Davis,"100 Cedar Lane, Limerick",COLLECTIONS,CASSIST2,2025-10-18 03:08:56
38899,Laura Smith,"119 Sunset Boulevard, Waterford",SETTLED,SETTLED,2025-10-18 04:47:26
39175,Laura Wilson,"123 Elm Street, Kilkenny",COLLECTIONS,CASSIST2,2025-10-18 15:26:00
82526,John Davis,"136 Riverside Drive, Galway",SETTLED,SETTLED,2025-10-18 18:03:56
72340,John Rodriguez,"58 Pine Road, Belfast",TRACE,GONEAWAY,2025-10-18 19:57:19
85869,Sarah Miller,"159 Pine Road, Sligo",SETTLED,SETTLED,2025-10-18 23:20:29
30943,Sarah Brown,"85 Sunset Boulevard, Dublin",LEGAL,LEG_TIT,2025-10-19 01:35:52
34083,Michael Davis,"37 Hillcrest Road, Cork",INSOLVENCY,INS2,2025-10-19 02:12:11
57819,John Garcia,"141 Elm Street, Sligo",SETTLED,SETTLED,2025-10-19 05:36:47
98172,Emma Williams,"110 Cedar Lane, Limerick",SETTLED,SETTLED,2025-10-19 06:41:27
62495,Olivia Miller,"154 Elm Street, Limerick",COLLECTIONS,CANCEL4,2025-10-19 10:31:47
14671,Michael Rodriguez,"133 Pine Road, Sligo",LEGAL,LEG VERIF 2,2025-10-19 12:00:29
33687,Michael Wilson,"175 Pine Road, Belfast",INSOLVENCY,INS4,2025-10-19 13:14:21
82735,James Smith,"105 Riverside Drive, Limerick",INSOLVENCY,INS1,2025-10-19 14:49:11
46155,Sophia Smith,"130 Cedar Lane, Galway",INSOLVENCY,INS2,2025-10-19 16:51:40
44289,Michael Miller,"68 Riverside Drive, Galway",LEGAL,LEG VERIF 2,2025-10-19 17:41:37
20307,James Williams,"149 Riverside Drive, Limerick",COLLECTIONS,CASSIST2,2025-10-19 19:38:50
94400,Michael Miller,"104 Cedar Lane, Dublin",LEGAL,LEG VERIF 1,2025-10-20 00:01:10
15757,Sophia Williams,"79 Sunset Boulevard, Dublin",COLLECTIONS,TELSOLUTIONS1,2025-10-20 00:56:36
72838,Laura Martinez,"18 Elm Street, Waterford",OTHER,ARCHIVED,2025-10-20 01:43:23
67701,Alex Brown,"116 Maple Avenue, Waterford",COLLECTIONS,TELSOLUTIONS4,2025-10-20 02:23:33
50515,Sarah Miller,"153 Pine Road, Limerick",LEGAL,LEG VERIF 1,2025-10-20 02:39:49
86543,Sophia Davis,"180 Hillcrest Road, Belfast",LEGAL,LEG VERIF 2,2025-10-20 04:21:21
33347,David Jones,"157 Sunset Boulevard, Sligo",OTHER,ARCHIVED,2025-10-20 06:15:21
90725,David Williams,"35 Oak Street, Cork",OTHER,ARCHIVED,2025-10-20 07:46:47
88060,David Johnson,"107 Pine Road, Waterford",LEGAL,LEG_TIT,2025-10-20 08:16:25
31527,Sarah Garcia,"145 Oak Street, Kilkenny",TRACE,GONEAWAY,2025-10-20 12:24:26
33347,David Jones,"157 Sunset Boulevard, Sligo",OTHER,ARCHIVED,2025-10-20 13:51:42
85869,Sarah Miller,"159 Pine Road, Sligo",SETTLED,SETTLED,2025-10-20 19:20:01
54296,Alex Garcia,"135 Oak Street, Belfast",INSOLVENCY,INS1,2025-10-20 19:24:21
61550,Maria Brown,"98 Riverside Drive, Galway",TRACE,GONEAWAY,2025-10-20 22:22:59
47103,Daniel Davis,"33 Pine Road, Sligo",INSOLVENCY,INS3,2025-10-20 23:31:53
66755,Laura Martinez,"93 Elm Street, Sligo",SETTLED,SETTLED,2025-10-21 00:13:56
84455,Daniel Smith,"118 Maple Avenue, Galway",OTHER,ARCHIVED,2025-10-21 01:30:39
77395,Olivia Jones,"178 Riverside Drive, Kilkenny",TRACE,GONEAWAY,2025-10-21 05:08:26
42747,Sarah Brown,"179 Hillcrest Road, Waterford",TRACE,GONEAWAY,2025-10-21 06:20:15
26686,James Johnson,"43 Riverside Drive, Waterford",LEGAL,LEG_TIT,2025-10-21 06:44:06
29593,Laura Jones,"9 Cedar Lane, Dublin",TRACE,GONEAWAY,2025-10-21 07:43:54
82324,David Smith,"60 Maple Avenue, Limerick",LEGAL,LEG VERIF 2,2025-10-21 09:33:01
13861,David Smith,"185 Maple Avenue, Dublin",SETTLED,SETTLED,2025-10-21 10:00:09
41979,Daniel Williams,"168 Elm Street, Cork",COLLECTIONS,CASSIST2,2025-10-21 10:11:50
16198,Laura Williams,"167 Elm Street, Limerick",INSOLVENCY,INSP,2025-10-21 12:09:28
99694,Sophia Rodriguez,"10 Elm Street, Belfast",OTHER,ARCHIVED,2025-10-21 12:44:28
86086,Laura Garcia,"68 Pine Road, Sligo",TRACE,GONEAWAY,2025-10-21 13:31:15
32832,Sophia Davis,"68 Sunset Boulevard, Limerick",INSOLVENCY,INSP,2025-10-21 16:25:58
89178,Daniel Garcia,"76 Cedar Lane, Galway",COLLECTIONS,PAY OVER,2025-10-21 18:47:19
71048,Maria Brown,"124 Maple Avenue, Belfast",TRACE,GONEAWAY,2025-10-21 19:04:33
59639,Emma Miller,"19 Riverside Drive, Dublin",PAYING,PAY PROP,2025-10-21 19:24:44
23982,James Jones,"81 Pine Road, Kilkenny",PAYING,PAY CURR,2025-10-21 20:34:30
42747,Sarah Brown,"179 Hillcrest Road, Waterford",TRACE,GONEAWAY,2025-10-21 21:17:50
23780,David Williams,"197 Hillcrest Road, Cork",PAYING,PAY CURR,2025-10-21 23:29:16
19099,Michael Smith,"93 Pine Road, Waterford",COLLECTIONS,PRIME,2025-10-21 23:55:01
47103,Daniel Davis,"33 Pine Road, Sligo",COLLECTIONS,PAY OVER,2025-10-22 05:45:19
43882,David Smith,"20 Sunset Boulevard, Belfast",OTHER,ARCHIVED,2025-10-22 07:33:10
43108,Maria Martinez,"109 Sunset Boulevard, Kilkenny",INSOLVENCY,INSP,2025-10-23 00:17:13
97132,Sophia Jones,"183 Oak Street, Belfast",COLLECTIONS,PAY OVER,2025-10-23 02:13:24
54765,Daniel Johnson,"88 Maple Avenue, Galway",SETTLED,SETTLED,2025-10-23 02:50:57
75723,Olivia Williams,"141 Pine Road, Waterford",SETTLED,SETTLED,2025-10-23 03:25:35
14671,Michael Rodriguez,"133 Pine Road, Sligo",INSOLVENCY,INS4,2025-10-23 05:17:07
30817,Daniel Johnson,"134 Hillcrest Road, Limerick",SETTLED,SETTLED,2025-10-23 06:32:58
27497,John Garcia,"165 Maple Avenue, Limerick",TRACE,GONEAWAY,2025-10-23 07:25:38
59505,Daniel Wilson,"113 Pine Road, Limerick",PAYING,PAY PROP,2025-10-23 07:27:04
32687,Michael Wilson,"97 Cedar Lane, Dublin",PAYING,PAY CURR,2025-10-23 12:02:28
95291,Michael Garcia,"159 Oak Street, Sligo",INSOLVENCY,INS4,2025-10-23 14:48:53
12247,Laura Smith,"200 Pine Road, Dublin",PAYING,PAY PROP,2025-10-23 15:04:39
71242,James Davis,"9 Hillcrest Road, Kilkenny",PAYING,PAY PROP,2025-10-23 16:23:24
37781,David Wilson,"105 Riverside Drive, Belfast",TRACE,GONEAWAY,2025-10-23 16:56:52
63368,John Johnson,"56 Elm Street, Limerick",TRACE,GONEAWAY,2025-10-23 22:13:33
47543,Alex Davis,"157 Sunset Boulevard, Cork",PAYING,PAY CURR,2025-10-23 22:33:24
19986,Alex Smith,"130 Oak Street, Galway",TRACE,GONEAWAY,2025-10-23 23:21:14
82095,Sophia Johnson,"114 Riverside Drive, Galway",OTHER,ARCHIVED,2025-10-25 00:31:48
58892,Maria Johnson,"192 Cedar Lane, Dublin",LEGAL,LEG VERIF 2,2025-10-25 03:07:26
97132,Sophia Jones,"183 Oak Street, Belfast",LEGAL,LEG_TIT,2025-10-25 04:36:09
13883,David Smith,"74 Sunset Boulevard, Cork",PAYING,PAY PROP,2025-10-25 05:12:20
27482,Sophia Smith,"93 Elm Street, Dublin",LEGAL,LEG_NOT,2025-10-25 07:57:38
17880,Emma Davis,"52 Pine Road, Cork",COLLECTIONS,CANCEL2,2025-10-25 15:59:56
15248,Maria Martinez,"86 Elm Street, Belfast",LEGAL,LEG VERIF 2,2025-10-25 18:55:58
52697,Sarah Davis,"39 Hillcrest Road, Sligo",SETTLED,SETTLED,2025-10-26 03:00:51
52219,David Davis,"157 Oak Street, Kilkenny",OTHER,ARCHIVED,2025-10-26 04:27:56
37781,David Wilson,"105 Riverside Drive, Belfast",INSOLVENCY,INSP,2025-10-26 13:32:26
16913,Laura Smith,"142 Riverside Drive, Cork",TRACE,GONEAWAY,2025-10-27 00:31:25
10388,Laura Garcia,"58 Elm Street, Dublin",OTHER,ARCHIVED,2025-10-27 00:50:04
84211,John Garcia,"23 Maple Avenue, Dublin",PAYING,PAY CURR,2025-10-27 03:25:13
78078,John Miller,"48 Riverside Drive, Limerick",TRACE,GONEAWAY,2025-10-27 03:58:44
34083,Michael Davis,"37 Hillcrest Road, Cork",SETTLED,SETTLED,2025-10-27 05:00:10
44289,Michael Miller,"68 Riverside Drive, Galway",LEGAL,LEG VERIF 1,2025-10-27 06:29:00
61279,Maria Smith,"51 Maple Avenue, Dublin",OTHER,ARCHIVED,2025-10-27 06:35:55
56961,John Brown,"83 Riverside Drive, Galway",COLLECTIONS,TELSOLUTIONS1,2025-10-27 07:50:05
84211,John Garcia,"23 Maple Avenue, Dublin",INSOLVENCY,INS3,2025-10-27 08:32:12
89176,Sarah Johnson,"105 Cedar Lane, Galway",SETTLED,SETTLED,2025-10-27 08:37:57
17346,Daniel Wilson,"37 Riverside Drive, Limerick",COLLECTIONS,PRIME_D,2025-10-27 09:04:13
52137,David Brown,"158 Cedar Lane, Sligo",COLLECTIONS,CANCEL2,2025-10-27 10:15:50
77262,Daniel Garcia,"46 Sunset Boulevard, Limerick",INSOLVENCY,INS3,2025-10-27 10:28:37
63368,John Johnson,"56 Elm Street, Limerick",SETTLED,SETTLED,2025-10-27 11:34:33
54341,Michael Davis,"164 Maple Avenue, Belfast",OTHER,ARCHIVED,2025-10-27 13:27:48
98254,Sarah Rodriguez,"3 Pine Road, Sligo",OTHER,ARCHIVED,2025-10-27 14:16:17
35919,Olivia Rodriguez,"168 Elm Street, Belfast",TRACE,GONEAWAY,2025-10-27 14:56:00
53017,Daniel Smith,"120 Hillcrest Road, Belfast",PAYING,PAY PROP,2025-10-27 15:50:10
48606,John Martinez,"33 Elm Street, Waterford",TRACE,GONEAWAY,2025-10-27 21:04:33
45495,Michael Smith,"140 Elm Street, Kilkenny",TRACE,GONEAWAY,2025-10-27 22:02:44
30817,Daniel Johnson,"134 Hillcrest Road, Limerick",LEGAL,LEG_TIT,2025-10-28 20:26:40
45393,Emma Wilson,"84 Sunset Boulevard, Galway",INSOLVENCY,INS3,2025-10-28 23:22:53
61582,David Garcia,"77 Riverside Drive, Belfast",INSOLVENCY,INSP,2025-10-29 00:41:54
26686,James Johnson,"43 Riverside Drive, Waterford",TRACE,GONEAWAY,2025-10-29 03:03:46
77262,Daniel Garcia,"46 Sunset Boulevard, Limerick",PAYING,PAY PROP,2025-10-29 03:22:46
14006,James Johnson,"124 Maple Avenue, Galway",INSOLVENCY,INS3,2025-10-29 04:41:16
82735,James Smith,"105 Riverside Drive, Limerick",OTHER,ARCHIVED,2025-10-29 05:58:44
59399,Michael Jones,"5 Hillcrest Road, Kilkenny",COLLECTIONS,PRIME,2025-10-29 07:39:56
21399,David Williams,"41 Pine Road, Sligo",TRACE,GONEAWAY,2025-10-29 10:15:45
30496,John Wilson,"28 Riverside Drive, Galway",INSOLVENCY,INS1,2025-10-29 13:10:44
37781,David Wilson,"105 Riverside Drive, Belfast",INSOLVENCY,INS1,2025-10-29 14:53:48
99755,Michael Johnson,"45 Pine Road, Kilkenny",INSOLVENCY,INS3,2025-10-29 17:32:14
79521,Sophia Jones,"196 Sunset Boulevard, Cork",INSOLVENCY,INS4,2025-10-29 17:48:02
83652,Maria Brown,"121 Elm Street, Limerick",SETTLED,SETTLED,2025-10-29 21:40:31
34083,Michael Davis,"37 Hillcrest Road, Cork",PAYING,PAY CURR,2025-10-29 23:21:21
14567,Sophia Davis,"52 Elm Street, Belfast",OTHER,ARCHIVED,2025-10-29 23:35:36
35401,John Miller,"164 Sunset Boulevard, Belfast",OTHER,ARCHIVED,2025-10-30 02:34:53
97730,Olivia Smith,"186 Sunset Boulevard, Limerick",OTHER,ARCHIVED,2025-10-30 06:16:21
65156,Sarah Smith,"138 Elm Street, Galway",INSOLVENCY,INS3,2025-10-30 10:35:42
47532,Sophia Jones,"89 Riverside Drive, Sligo",PAYING,PAY PROP,2025-10-30 11:04:12
55992,John Miller,"18 Sunset Boulevard, Galway",INSOLVENCY,INSP,2025-10-30 17:45:15
55558,James Wilson,"110 Sunset Boulevard, Sligo",TRACE,GONEAWAY,2025-10-30 18:27:08
70219,John Johnson,"59 Maple Avenue, Sligo",LEGAL,LEG_NOT,2025-10-30 20:16:06
66158,Emma Martinez,"99 Cedar Lane, Waterford",OTHER,ARCHIVED,2025-10-30 23:17:59
91658,Olivia Davis,"106 Cedar Lane, Sligo",COLLECTIONS,TELSOLUTIONS1,2025-10-31 00:47:39
77356,Daniel Martinez,"158 Oak Street, Sligo",INSOLVENCY,INS2,2025-10-31 01:03:05
40987,Sophia Martinez,"72 Pine Road, Cork",INSOLVENCY,INS3,2025-10-31 05:38:02
13206,Michael Brown,"71 Hillcrest Road, Sligo",TRACE,GONEAWAY,2025-10-31 07:37:54
10585,Michael Davis,"71 Riverside Drive, Belfast",PAYING,PAY PROP,2025-10-31 11:40:01
85557,James Smith,"69 Oak Street, Kilkenny",LEGAL,LEG_TIT,2025-10-31 11:58:57
76500,John Garcia,"176 Sunset Boulevard, Cork",LEGAL,HOLD FO,2025-10-31 12:11:54
15757,Sophia Williams,"79 Sunset Boulevard, Dublin",SETTLED,SETTLED,2025-10-31 13:28:31
72758,Emma Brown,"197 Oak Street, Dublin",COLLECTIONS,PRIME,2025-10-31 15:43:42
31933,David Williams,"15 Elm Street, Cork",SETTLED,SETTLED,2025-10-31 15:58:20
60663,Maria Smith,"86 Hillcrest Road, Cork",INSOLVENCY,INS2,2025-10-31 16:33:08
93890,Maria Smith,"163 Riverside Drive, Cork",COLLECTIONS,PRIME,2025-10-31 17:56:56
28504,Maria Jones,"169 Oak Street, Sligo",OTHER,ARCHIVED,2025-10-31 18:22:38
92889,John Martinez,"90 Cedar Lane, Waterford",SETTLED,SETTLED,2025-10-31 19:56:30
46662,Michael Johnson,"87 Elm Street, Kilkenny",LEGAL,HOLD FO,2025-10-31 19:59:08
73634,Daniel Johnson,"43 Hillcrest Road, Waterford",INSOLVENCY,INS2,2025-10-31 21:13:40
52017,Maria Wilson,"152 Riverside Drive, Sligo",SETTLED,SETTLED,2025-10-31 23:04:35
35227,Emma Brown,"44 Hillcrest Road, Sligo",COLLECTIONS,CANCEL4,2025-11-01 03:33:35
90869,David Jones,"143 Sunset Boulevard, Waterford",TRACE,GONEAWAY,2025-11-01 03:49:04
44060,Sarah Davis,"151 Cedar Lane, Kilkenny",OTHER,ARCHIVED,2025-11-01 06:19:39
43882,David Smith,"20 Sunset Boulevard, Belfast",COLLECTIONS,CASSIST2,2025-11-01 07:56:52
86646,Sarah Williams,"29 Hillcrest Road, Galway",SETTLED,SETTLED,2025-11-01 08:20:39
92829,Michael Jones,"2 Sunset Boulevard, Kilkenny",OTHER,ARCHIVED,2025-11-01 10:32:23
15248,Maria Martinez,"86 Elm Street, Belfast",PAYING,PAY PROP,2025-11-01 11:43:56
52219,David Davis,"157 Oak Street, Kilkenny",SETTLED,SETTLED,2025-11-01 13:34:30
45539,James Johnson,"88 Maple Avenue, Sligo",LEGAL,HOLD FO,2025-11-01 16:04:29
31903,Alex Brown,"183 Cedar Lane, Waterford",OTHER,ARCHIVED,2025-11-01 16:54:56
72758,Emma Brown,"197 Oak Street, Dublin",PAYING,PAY CURR,2025-11-01 16:55:46
74428,Laura Martinez,"15 Cedar Lane, Kilkenny",PAYING,PAY CURR,2025-11-01 18:37:23
47933,Emma Brown,"79 Elm Street, Kilkenny",COLLECTIONS,CANCEL4,2025-11-01 22:44:48
92221,David Garcia,"125 Sunset Boulevard, Sligo",OTHER,ARCHIVED,2025-11-01 23:19:44
76500,John Garcia,"176 Sunset Boulevard, Cork",TRACE,GONEAWAY,2025-11-02 01:21:33
14961,John Davis,"179 Riverside Drive, Dublin",SETTLED,SETTLED,2025-11-02 20:27:07
56539,Sophia Smith,"11 Riverside Drive, Cork",SETTLED,SETTLED,2025-11-03 00:25:39
65864,Maria Brown,"197 Hillcrest Road, Dublin",SETTLED,SETTLED,2025-11-03 01:01:47
36459,Sarah Williams,"52 Oak Street, Belfast",INSOLVENCY,INS2,2025-11-03 02:10:57
26168,Maria Williams,"120 Cedar Lane, Belfast",PAYING,PAY CURR,2025-11-03 10:47:42
63285,Sarah Williams,"159 Oak Street, Cork",INSOLVENCY,INSP,2025-11-03 13:39:52
95324,Emma Brown,"136 Cedar Lane, Sligo",LEGAL,LEG_NOT,2025-11-03 13:50:55
19099,Michael Smith,"93 Pine Road, Waterford",LEGAL,LEG_TIT,2025-11-03 17:03:19
71914,Daniel Johnson,"76 Riverside Drive, Belfast",TRACE,GONEAWAY,2025-11-03 17:25:12
50973,Emma Miller,"128 Maple Avenue, Galway",TRACE,GONEAWAY,2025-11-03 17:42:41
97730,Olivia Smith,"186 Sunset Boulevard, Limerick",PAYING,PAY CURR,2025-11-04 02:22:05
30943,Sarah Brown,"85 Sunset Boulevard, Dublin",COLLECTIONS,CANCEL2,2025-11-04 04:16:28
63099,Alex Martinez,"170 Elm Street, Kilkenny",SETTLED,SETTLED,2025-11-04 09:19:59
63285,Sarah Williams,"159 Oak Street, Cork",LEGAL,LEG_TIT,2025-11-04 15:07:19
97661,Laura Williams,"148 Oak Street, Limerick",OTHER,ARCHIVED,2025-11-04 19:30:37
53131,Emma Garcia,"41 Elm Street, Sligo",SETTLED,SETTLED,2025-11-04 21:17:43
15004,Sarah Martinez,"4 Hillcrest Road, Limerick",SETTLED,SETTLED,2025-11-04 23:04:02
55886,Daniel Jones,"57 Maple Avenue, Belfast",SETTLED,SETTLED,2025-11-05 02:12:53
20233,Michael Davis,"60 Riverside Drive, Belfast",PAYING,PAY CURR,2025-11-05 03:17:18
36810,Maria Martinez,"81 Riverside Drive, Belfast",SETTLED,SETTLED,2025-11-05 04:05:12
31233,Daniel Wilson,"55 Maple Avenue, Waterford",LEGAL,LEG_TIT,2025-11-05 05:18:21
55047,James Martinez,"78 Pine Road, Waterford",LEGAL,LEG VERIF 1,2025-11-05 06:30:46
11352,Alex Johnson,"38 Hillcrest Road, Sligo",OTHER,ARCHIVED,2025-11-05 08:51:21
61279,Maria Smith,"51 Maple Avenue, Dublin",LEGAL,LEG VERIF 1,2025-11-05 10:25:53
62836,Sarah Brown,"85 Pine Road, Sligo",INSOLVENCY,INS1,2025-11-05 11:52:43
48880,Alex Martinez,"85 Pine Road, Kilkenny",PAYING,PAY PROP,2025-11-05 13:45:55
84640,Olivia Smith,"131 Pine Road, Sligo",PAYING,PAY PROP,2025-11-05 14:03:13
63538,Alex Brown,"134 Hillcrest Road, Cork",OTHER,ARCHIVED,2025-11-05 14:16:37
31233,Daniel Wilson,"55 Maple Avenue, Waterford",COLLECTIONS,CASSIST2,2025-11-05 16:00:36
94714,Sophia Brown,"85 Cedar Lane, Dublin",PAYING,PAY PROP,2025-11-05 18:24:47
58473,Sophia Brown,"162 Elm Street, Galway",TRACE,GONEAWAY,2025-11-05 18:38:32
45393,Emma Wilson,"84 Sunset Boulevard, Galway",INSOLVENCY,INS2,2025-11-05 21:00:52
84211,John Garcia,"23 Maple Avenue, Dublin",TRACE,GONEAWAY,2025-11-05 22:10:03
76500,John Garcia,"176 Sunset Boulevard, Cork",TRACE,GONEAWAY,2025-11-05 23:18:00
42494,Olivia Rodriguez,"146 Pine Road, Waterford",SETTLED,SETTLED,2025-11-05 23:26:20
33376,Emma Smith,"35 Sunset Boulevard, Kilkenny",SETTLED,SETTLED,2025-11-05 23:40:05
63285,Sarah Williams,"159 Oak Street, Cork",OTHER,ARCHIVED,2025-11-06 00:13:30
19986,Alex Smith,"130 Oak Street, Galway",SETTLED,SETTLED,2025-11-06 00:34:36
77513,Laura Smith,"35 Hillcrest Road, Belfast",COLLECTIONS,CANCEL4,2025-11-06 01:02:07
84455,Daniel Smith,"118 Maple Avenue, Galway",TRACE,GONEAWAY,2025-11-06 03:54:23
80893,Alex Wilson,"36 Cedar Lane, Sligo",INSOLVENCY,INS2,2025-11-06 06:21:56
27620,Daniel Wilson,"79 Sunset Boulevard, Sligo",COLLECTIONS,TELSOLUTIONS4,2025-11-06 08:38:52
20457,Maria Jones,"172 Elm Street, Sligo",PAYING,PAY PROP,2025-11-06 08:58:45
41979,Daniel Williams,"168 Elm Street, Cork",COLLECTIONS,CASSIST2,2025-11-06 10:01:46
13057,David Williams,"64 Elm Street, Cork",TRACE,GONEAWAY,2025-11-06 12:44:57
84211,John Garcia,"23 Maple Avenue, Dublin",PAYING,PAY CURR,2025-11-06 13:09:37
30746,Alex Miller,"32 Oak Street, Cork",SETTLED,SETTLED,2025-11-06 14:53:09
61708,John Davis,"142 Elm Street, Dublin",SETTLED,SETTLED,2025-11-06 15:22:24
48786,Sophia Martinez,"56 Hillcrest Road, Dublin",PAYING,PAY CURR,2025-11-06 17:19:45
94714,Sophia Brown,"85 Cedar Lane, Dublin",COLLECTIONS,PRIME_D,2025-11-06 18:22:55
73732,Laura Williams,"139 Maple Avenue, Galway",LEGAL,LEG VERIF 1,2025-11-06 19:11:30
55886,Daniel Jones,"57 Maple Avenue, Belfast",PAYING,PAY CURR,2025-11-06 20:00:06
47801,John Johnson,"44 Cedar Lane, Dublin",INSOLVENCY,INSP,2025-11-06 23:38:18
47857,James Garcia,"133 Cedar Lane, Dublin",PAYING,PAY PROP,2025-11-07 03:17:00
94928,John Williams,"19 Pine Road, Belfast",PAYING,PAY CURR,2025-11-07 04:11:28
34002,James Johnson,"200 Oak Street, Waterford",PAYING,PAY PROP,2025-11-07 06:21:59
30943,Sarah Brown,"85 Sunset Boulevard, Dublin",INSOLVENCY,INS3,2025-11-07 07:13:04
66216,Sophia Smith,"182 Pine Road, Limerick",PAYING,PAY CURR,2025-11-07 09:01:58
98794,Sarah Martinez,"10 Maple Avenue, Cork",TRACE,GONEAWAY,2025-11-07 09:22:14
78633,James Davis,"20 Maple Avenue, Waterford",INSOLVENCY,INS3,2025-11-07 13:38:43
27223,Sophia Rodriguez,"165 Cedar Lane, Kilkenny",TRACE,GONEAWAY,2025-11-07 14:27:06
91402,Alex Rodriguez,"161 Hillcrest Road, Dublin",OTHER,ARCHIVED,2025-11-07 14:30:16
13664,Emma Wilson,"1 Cedar Lane, Galway",LEGAL,LEG VERIF 1,2025-11-07 15:43:36
60048,Sophia Williams,"132 Hillcrest Road, Waterford",TRACE,GONEAWAY,2025-11-07 16:02:05
80451,Sophia Wilson,"3 Hillcrest Road, Cork",INSOLVENCY,INS4,2025-11-07 17:03:19
10388,Laura Garcia,"58 Elm Street, Dublin",TRACE,GONEAWAY,2025-11-07 17:53:06
84118,Michael Jones,"56 Maple Avenue, Waterford",PAYING,PAY PROP,2025-11-07 18:18:31
94193,David Rodriguez,"28 Cedar Lane, Sligo",LEGAL,HOLD FO,2025-11-07 19:11:35
62836,Sarah Brown,"85 Pine Road, Sligo",OTHER,ARCHIVED,2025-11-07 20:38:49
91001,Maria Martinez,"127 Maple Avenue, Waterford",INSOLVENCY,INS1,2025-11-07 21:21:52
23982,James Jones,"81 Pine Road, Kilkenny",SETTLED,SETTLED,2025-11-08 00:09:21
62377,Olivia Brown,"156 Pine Road, Sligo",PAYING,PAY CURR,2025-11-08 00:55:33
13356,James Jones,"85 Cedar Lane, Cork",TRACE,GONEAWAY,2025-11-08 01:06:23
49171,John Martinez,"172 Hillcrest Road, Dublin",TRACE,GONEAWAY,2025-11-08 02:48:15
82487,Daniel Miller,"195 Riverside Drive, Belfast",LEGAL,LEG VERIF 2,2025-11-08 04:49:58
21453,John Garcia,"90 Sunset Boulevard, Waterford",OTHER,ARCHIVED,2025-11-08 06:30:56
92829,Michael Jones,"2 Sunset Boulevard, Kilkenny",TRACE,GONEAWAY,2025-11-08 06:34:09
70219,John Johnson,"59 Maple Avenue, Sligo",COLLECTIONS,PRIME,2025-11-08 09:06:00
40659,Sophia Rodriguez,"173 Sunset Boulevard, Kilkenny",OTHER,ARCHIVED,2025-11-08 10:51:04
91402,Alex Rodriguez,"161 Hillcrest Road, Dublin",SETTLED,SETTLED,2025-11-08 14:04:32
36291,David Davis,"39 Elm Street, Dublin",INSOLVENCY,INS3,2025-11-08 16:53:22
66106,Michael Davis,"56 Pine Road, Galway",PAYING,PAY CURR,2025-11-08 17:35:42
13416,Emma Wilson,"58 Pine Road, Dublin",PAYING,PAY CURR,2025-11-08 19:12:59
71048,Maria Brown,"124 Maple Avenue, Belfast",PAYING,PAY CURR,2025-11-08 19:31:52
58434,James Rodriguez,"134 Maple Avenue, Belfast",COLLECTIONS,PAY OVER,2025-11-08 23:22:00
19413,Sophia Jones,"52 Sunset Boulevard, Limerick",INSOLVENCY,INS4,2025-11-09 00:51:26
11352,Alex Johnson,"38 Hillcrest Road, Sligo",LEGAL,LEG_TIT,2025-11-09 01:06:17
19949,David Garcia,"166 Hillcrest Road, Sligo",PAYING,PAY CURR,2025-11-09 01:08:34
91712,Maria Martinez,"181 Maple Avenue, Dublin",OTHER,ARCHIVED,2025-11-09 02:26:23
54341,Michael Davis,"164 Maple Avenue, Belfast",SETTLED,SETTLED,2025-11-09 03:24:15
26918,Alex Miller,"81 Hillcrest Road, Belfast",SETTLED,SETTLED,2025-11-09 05:31:29
82269,Maria Martinez,"175 Oak Street, Galway",TRACE,GONEAWAY,2025-11-09 06:07:20
57791,James Miller,"118 Hillcrest Road, Sligo",PAYING,PAY PROP,2025-11-09 06:17:02
54549,Olivia Miller,"41 Hillcrest Road, Kilkenny",INSOLVENCY,INSP,2025-11-09 07:13:21
57819,John Garcia,"141 Elm Street, Sligo",INSOLVENCY,INS1,2025-11-09 07:29:38
10869,John Williams,"5 Hillcrest Road, Dublin",COLLECTIONS,CANCEL4,2025-11-09 13:39:45
96772,Laura Brown,"127 Oak Street, Dublin",OTHER,ARCHIVED,2025-11-09 17:39:46
89176,Sarah Johnson,"105 Cedar Lane, Galway",COLLECTIONS,CANCEL4,2025-11-09 18:07:38
85466,David Williams,"131 Cedar Lane, Dublin",LEGAL,HOLD FO,2025-11-09 18:50:37
57663,John Johnson,"101 Oak Street, Belfast",LEGAL,LEG_TIT,2025-11-09 19:41:46
69313,Alex Davis,"143 Riverside Drive, Cork",INSOLVENCY,INS4,2025-11-09 19:53:58
33376,Emma Smith,"35 Sunset Boulevard, Kilkenny",COLLECTIONS,PAY OVER,2025-11-09 21:49:27
93890,Maria Smith,"163 Riverside Drive, Cork",COLLECTIONS,PAY OVER,2025-11-09 22:15:38
86693,James Jones,"164 Cedar Lane, Kilkenny",OTHER,ARCHIVED,2025-11-09 22:42:59
77513,Laura Smith,"35 Hillcrest Road, Belfast",COLLECTIONS,CASSIST2,2025-11-09 23:48:53
97730,Olivia Smith,"186 Sunset Boulevard, Limerick",LEGAL,HOLD FO,2025-11-10 01:04:33
91558,Sophia Rodriguez,"139 Riverside Drive, Galway",INSOLVENCY,INS4,2025-11-10 04:03:41
19986,Alex Smith,"130 Oak Street, Galway",LEGAL,LEG_NOT,2025-11-10 05:18:49
95232,John Rodriguez,"124 Sunset Boulevard, Limerick",PAYING,PAY CURR,2025-11-10 05:27:42
30531,Sarah Garcia,"107 Sunset Boulevard, Waterford",TRACE,GONEAWAY,2025-11-10 05:45:16
14961,John Davis,"179 Riverside Drive, Dublin",SETTLED,SETTLED,2025-11-10 06:47:43
22385,Sarah Davis,"64 Sunset Boulevard, Dublin",INSOLVENCY,INS1,2025-11-10 11:04:26
52219,David Davis,"157 Oak Street, Kilkenny",OTHER,ARCHIVED,2025-11-10 13:26:30
94193,David Rodriguez,"28 Cedar Lane, Sligo",OTHER,ARCHIVED,2025-11-10 17:15:30
31527,Sarah Garcia,"145 Oak Street, Kilkenny",SETTLED,SETTLED,2025-11-10 19:09:22
54296,Alex Garcia,"135 Oak Street, Belfast",TRACE,GONEAWAY,2025-11-10 19:38:09
42494,Olivia Rodriguez,"146 Pine Road, Waterford",COLLECTIONS,PRIME,2025-11-10 23:49:33
40198,Alex Williams,"6 Maple Avenue, Kilkenny",PAYING,PAY PROP,2025-11-10 23:59:44
90540,Maria Brown,"8 Maple Avenue, Galway",LEGAL,LEG_TIT,2025-11-11 02:11:12
11356,Maria Williams,"147 Oak Street, Galway",LEGAL,LEG VERIF 2,2025-11-11 05:34:49
44502,Maria Williams,"27 Elm Street, Kilkenny",COLLECTIONS,CANCEL4,2025-11-11 07:34:16
68126,Olivia Davis,"162 Maple Avenue, Limerick",INSOLVENCY,INS1,2025-11-11 11:46:08
13057,David Williams,"64 Elm Street, Cork",SETTLED,SETTLED,2025-11-11 14:31:36
69833,Laura Garcia,"200 Hillcrest Road, Kilkenny",COLLECTIONS,CANCEL2,2025-11-11 16:04:49
95291,Michael Garcia,"159 Oak Street, Sligo",LEGAL,LEG VERIF 1,2025-11-11 16:46:05
32998,James Wilson,"1 Elm Street, Galway",TRACE,GONEAWAY,2025-11-11 19:37:34
73980,Laura Martinez,"92 Cedar Lane, Limerick",COLLECTIONS,CANCEL4,2025-11-11 20:30:43
11916,John Miller,"42 Cedar Lane, Kilkenny",SETTLED,SETTLED,2025-11-12 01:02:55
32832,Sophia Davis,"68 Sunset Boulevard, Limerick",PAYING,PAY PROP,2025-11-12 01:09:00
90467,Laura Williams,"8 Maple Avenue, Galway",SETTLED,SETTLED,2025-11-12 03:18:28
87921,Alex Brown,"3 Hillcrest Road, Galway",SETTLED,SETTLED,2025-11-12 03:24:10
70180,Michael Garcia,"19 Oak Street, Galway",OTHER,ARCHIVED,2025-11-12 04:29:55
59399,Michael Jones,"5 Hillcrest Road, Kilkenny",TRACE,GONEAWAY,2025-11-12 05:34:44
77145,Michael Williams,"7 Cedar Lane, Cork",OTHER,ARCHIVED,2025-11-12 05:50:05
34177,Sarah Jones,"63 Hillcrest Road, Limerick",INSOLVENCY,INS4,2025-11-12 06:22:53
70629,Michael Rodriguez,"172 Oak Street, Belfast",INSOLVENCY,INS3,2025-11-12 06:47:41
11336,Emma Smith,"64 Pine Road, Sligo",LEGAL,LEG_TIT,2025-11-12 10:36:16
31233,Daniel Wilson,"55 Maple Avenue, Waterford",PAYING,PAY CURR,2025-11-12 11:32:37
25073,John Davis,"156 Elm Street, Galway",LEGAL,LEG VERIF 2,2025-11-12 13:16:57
26066,James Jones,"161 Pine Road, Waterford",PAYING,PAY PROP,2025-11-12 15:30:27
76500,John Garcia,"176 Sunset Boulevard, Cork",PAYING,PAY CURR,2025-11-12 16:28:23
26686,James Johnson,"43 Riverside Drive, Waterford",TRACE,GONEAWAY,2025-11-12 17:58:03
61550,Maria Brown,"98 Riverside Drive, Galway",INSOLVENCY,INS3,2025-11-12 19:48:26
90467,Laura Williams,"8 Maple Avenue, Galway",COLLECTIONS,TELSOLUTIONS1,2025-11-12 22:00:35
97280,Maria Wilson,"104 Oak Street, Galway",INSOLVENCY,INS4,2025-11-12 22:39:15
62106,Laura Brown,"183 Riverside Drive, Galway",PAYING,PAY PROP,2025-11-13 00:20:53
11356,Maria Williams,"147 Oak Street, Galway",TRACE,GONEAWAY,2025-11-13 01:52:38
40659,Sophia Rodriguez,"173 Sunset Boulevard, Kilkenny",INSOLVENCY,INS4,2025-11-13 04:34:09
58434,James Rodriguez,"134 Maple Avenue, Belfast",TRACE,GONEAWAY,2025-11-13 06:38:24
36313,David Smith,"102 Sunset Boulevard, Sligo",PAYING,PAY CURR,2025-11-13 07:00:45
11916,John Miller,"42 Cedar Lane, Kilkenny",SETTLED,SETTLED,2025-11-13 07:47:52
52609,Sophia Brown,"53 Pine Road, Limerick",PAYING,PAY PROP,2025-11-13 09:47:22
73332,Laura Miller,"138 Elm Street, Galway",TRACE,GONEAWAY,2025-11-13 11:53:49
91678,Laura Garcia,"104 Cedar Lane, Waterford",OTHER,ARCHIVED,2025-11-13 14:23:33
14006,James Johnson,"124 Maple Avenue, Galway",TRACE,GONEAWAY,2025-11-13 20:03:09
86556,Michael Brown,"113 Elm Street, Kilkenny",SETTLED,SETTLED,2025-11-13 23:29:58
88060,David Johnson,"107 Pine Road, Waterford",COLLECTIONS,PAY OVER,2025-11-14 05:20:21
67504,Sophia Martinez,"130 Pine Road, Dublin",PAYING,PAY PROP,2025-11-14 08:38:02
24213,Alex Williams,"139 Elm Street, Belfast",OTHER,ARCHIVED,2025-11-14 09:17:21
93496,Emma Miller,"55 Sunset Boulevard, Sligo",INSOLVENCY,INS2,2025-11-14 12:06:26
10506,David Jones,"106 Pine Road, Waterford",TRACE,GONEAWAY,2025-11-14 12:41:20
66463,John Wilson,"104 Sunset Boulevard, Kilkenny",LEGAL,HOLD FO,2025-11-14 14:45:49
43314,Michael Miller,"13 Elm Street, Belfast",COLLECTIONS,PRIME,2025-11-14 15:41:23
51089,Laura Garcia,"41 Maple Avenue, Galway",COLLECTIONS,CANCEL4,2025-11-14 16:15:03
35919,Olivia Rodriguez,"168 Elm Street, Belfast",COLLECTIONS,PRIME,2025-11-14 18:16:44
35861,David Johnson,"103 Cedar Lane, Galway",SETTLED,SETTLED,2025-11-15 03:14:46
26066,James Jones,"161 Pine Road, Waterford",INSOLVENCY,INSP,2025-11-15 04:49:30
55992,John Miller,"18 Sunset Boulevard, Galway",INSOLVENCY,INSP,2025-11-15 05:10:15
70219,John Johnson,"59 Maple Avenue, Sligo",PAYING,PAY PROP,2025-11-15 05:47:40
52087,Maria Brown,"120 Hillcrest Road, Belfast",PAYING,PAY PROP,2025-11-15 06:34:47
70219,John Johnson,"59 Maple Avenue, Sligo",INSOLVENCY,INS3,2025-11-15 15:01:28
98172,Emma Williams,"110 Cedar Lane, Limerick",PAYING,PAY PROP,2025-11-15 15:38:23
86347,Michael Johnson,"31 Pine Road, Galway",LEGAL,HOLD FO,2025-11-15 23:06:15
74894,Emma Garcia,"190 Sunset Boulevard, Belfast",LEGAL,LEG VERIF 1,2025-11-16 00:15:49
72278,Laura Davis,"100 Cedar Lane, Limerick",COLLECTIONS,PAY OVER,2025-11-16 01:55:19
67396,Maria Johnson,"32 Riverside Drive, Sligo",COLLECTIONS,CASSIST2,2025-11-16 02:19:57
85466,David Williams,"131 Cedar Lane, Dublin",OTHER,ARCHIVED,2025-11-16 04:18:43
93496,Emma Miller,"55 Sunset Boulevard, Sligo",COLLECTIONS,CASSIST2,2025-11-16 07:45:22
97918,Daniel Smith,"123 Riverside Drive, Sligo",OTHER,ARCHIVED,2025-11-16 09:07:10
33057,Olivia Jones,"21 Hillcrest Road, Cork",TRACE,GONEAWAY,2025-11-16 09:59:08
59505,Daniel Wilson,"113 Pine Road, Limerick",OTHER,ARCHIVED,2025-11-16 20:26:49
67701,Alex Brown,"116 Maple Avenue, Waterford",OTHER,ARCHIVED,2025-11-16 23:35:44
34002,James Johnson,"200 Oak Street, Waterford",TRACE,GONEAWAY,2025-11-18 07:05:34
78987,Maria Smith,"55 Oak Street, Limerick",TRACE,GONEAWAY,2025-11-18 08:17:35
27800,Olivia Davis,"28 Sunset Boulevard, Waterford",PAYING,PAY CURR,2025-11-18 10:54:07
71048,Maria Brown,"124 Maple Avenue, Belfast",TRACE,GONEAWAY,2025-11-18 10:58:52
67443,Sarah Brown,"134 Cedar Lane, Galway",LEGAL,LEG_TIT,2025-11-18 13:43:23
70180,Michael Garcia,"19 Oak Street, Galway",PAYING,PAY CURR,2025-11-18 19:42:28
81634,David Jones,"195 Hillcrest Road, Dublin",PAYING,PAY PROP,2025-11-18 23:02:31
27620,Daniel Wilson,"79 Sunset Boulevard, Sligo",PAYING,PAY CURR,2025-11-18 23:27:55
91435,David Smith,"2 Sunset Boulevard, Dublin",LEGAL,HOLD FO,2025-11-19 00:32:51
85173,Emma Martinez,"141 Sunset Boulevard, Cork",SETTLED,SETTLED,2025-11-19 00:50:19
51596,James Rodriguez,"150 Oak Street, Sligo",LEGAL,LEG_NOT,2025-11-19 01:50:55
61279,Maria Smith,"51 Maple Avenue, Dublin",SETTLED,SETTLED,2025-11-19 06:00:53
59505,Daniel Wilson,"113 Pine Road, Limerick",PAYING,PAY PROP,2025-11-19 06:18:55
55992,John Miller,"18 Sunset Boulevard, Galway",PAYING,PAY PROP,2025-11-19 07:38:27
83620,David Wilson,"122 Pine Road, Waterford",COLLECTIONS,PRIME,2025-11-19 08:01:28
97661,Laura Williams,"148 Oak Street, Limerick",LEGAL,LEG_TIT,2025-11-19 11:44:12
52697,Sarah Davis,"39 Hillcrest Road, Sligo",OTHER,ARCHIVED,2025-11-19 13:57:16
58244,Emma Wilson,"6 Hillcrest Road, Limerick",COLLECTIONS,PRIME_D,2025-11-19 16:09:34
10180,Olivia Davis,"3 Elm Street, Limerick",PAYING,PAY CURR,2025-11-19 17:36:45
63538,Alex Brown,"134 Hillcrest Road, Cork",OTHER,ARCHIVED,2025-11-19 18:23:01
11336,Emma Smith,"64 Pine Road, Sligo",LEGAL,HOLD FO,2025-11-19 18:37:00
58244,Emma Wilson,"6 Hillcrest Road, Limerick",INSOLVENCY,INS3,2025-11-19 19:30:59
89637,Olivia Smith,"50 Cedar Lane, Dublin",TRACE,GONEAWAY,2025-11-19 21:14:24
36313,David Smith,"102 Sunset Boulevard, Sligo",OTHER,ARCHIVED,2025-11-19 21:45:44
21453,John Garcia,"90 Sunset Boulevard, Waterford",PAYING,PAY PROP,2025-11-19 23:54:43
83620,David Wilson,"122 Pine Road, Waterford",PAYING,PAY PROP,2025-11-20 00:49:58
58892,Maria Johnson,"192 Cedar Lane, Dublin",TRACE,GONEAWAY,2025-11-20 01:00:23
22047,James Jones,"37 Sunset Boulevard, Belfast",LEGAL,HOLD FO,2025-11-20 02:24:24
73332,Laura Miller,"138 Elm Street, Galway",SETTLED,SETTLED,2025-11-20 02:58:53
94706,Alex Davis,"55 Elm Street, Galway",INSOLVENCY,INS2,2025-11-20 06:28:51
19086,Laura Brown,"88 Cedar Lane, Sligo",SETTLED,SETTLED,2025-11-20 09:34:46
86650,David Rodriguez,"156 Sunset Boulevard, Kilkenny",COLLECTIONS,CASSIST2,2025-11-20 09:47:26
64246,Laura Smith,"182 Riverside Drive, Galway",LEGAL,LEG_NOT,2025-11-20 10:02:19
17320,Maria Martinez,"117 Sunset Boulevard, Belfast",COLLECTIONS,CASSIST2,2025-11-20 11:52:32
17993,Alex Smith,"170 Sunset Boulevard, Belfast",COLLECTIONS,CASSIST2,2025-11-20 12:01:04
10869,John Williams,"5 Hillcrest Road, Dublin",TRACE,GONEAWAY,2025-11-20 12:20:58
21418,Sarah Miller,"81 Riverside Drive, Galway",INSOLVENCY,INS1,2025-11-20 12:36:43
37781,David Wilson,"105 Riverside Drive, Belfast",LEGAL,LEG VERIF 1,2025-11-20 13:58:43
95948,James Davis,"45 Riverside Drive, Cork",SETTLED,SETTLED,2025-11-20 17:32:28
90540,Maria Brown,"8 Maple Avenue, Galway",LEGAL,LEG_TIT,2025-11-20 18:41:37
86494,Laura Jones,"188 Sunset Boulevard, Dublin",PAYING,PAY CURR,2025-11-20 22:13:23
19372,Michael Johnson,"33 Maple Avenue, Belfast",OTHER,ARCHIVED,2025-11-20 23:15:53
77521,Michael Martinez,"104 Sunset Boulevard, Galway",SETTLED,SETTLED,2025-11-21 03:04:24
56539,Sophia Smith,"11 Riverside Drive, Cork",TRACE,GONEAWAY,2025-11-21 03:48:16
83943,David Wilson,"188 Cedar Lane, Belfast",PAYING,PAY CURR,2025-11-21 09:53:36
28504,Maria Jones,"169 Oak Street, Sligo",TRACE,GONEAWAY,2025-11-21 10:53:20
13057,David Williams,"64 Elm Street, Cork",INSOLVENCY,INS2,2025-11-21 13:00:18
16077,Alex Jones,"35 Riverside Drive, Waterford",LEGAL,LEG VERIF 2,2025-11-21 16:18:50
77356,Daniel Martinez,"158 Oak Street, Sligo",COLLECTIONS,PRIME_D,2025-11-21 17:50:38
57726,John Davis,"22 Cedar Lane, Belfast",OTHER,ARCHIVED,2025-11-21 22:55:04
37798,Sarah Wilson,"54 Elm Street, Cork",PAYING,PAY PROP,2025-11-22 04:08:19
32283,James Johnson,"41 Pine Road, Cork",SETTLED,SETTLED,2025-11-22 05:37:19
67504,Sophia Martinez,"130 Pine Road, Dublin",PAYING,PAY CURR,2025-11-22 07:52:55
10869,John Williams,"5 Hillcrest Road, Dublin",SETTLED,SETTLED,2025-11-22 14:52:16
63848,Emma Williams,"57 Oak Street, Limerick",PAYING,PAY CURR,2025-11-22 19:54:50
65773,James Miller,"140 Riverside Drive, Kilkenny",SETTLED,SETTLED,2025-11-22 20:06:21
17346,Daniel Wilson,"37 Riverside Drive, Limerick",SETTLED,SETTLED,2025-11-22 20:56:02
86086,Laura Garcia,"68 Pine Road, Sligo",TRACE,GONEAWAY,2025-11-22 21:08:04
88333,Olivia Brown,"145 Riverside Drive, Belfast",LEGAL,LEG VERIF 2,2025-11-22 21:47:44
58473,Sophia Brown,"162 Elm Street, Galway",TRACE,GONEAWAY,2025-11-22 22:13:50
55044,Emma Wilson,"74 Riverside Drive, Galway",OTHER,ARCHIVED,2025-11-23 00:04:43
40198,Alex Williams,"6 Maple Avenue, Kilkenny",COLLECTIONS,CANCEL4,2025-11-23 03:15:51
19523,Michael Wilson,"179 Elm Street, Sligo",COLLECTIONS,CANCEL4,2025-11-23 04:13:42
72278,Laura Davis,"100 Cedar Lane, Limerick",TRACE,GONEAWAY,2025-11-23 06:56:14
26742,Laura Miller,"18 Maple Avenue, Waterford",SETTLED,SETTLED,2025-11-23 07:43:43
27620,Daniel Wilson,"79 Sunset Boulevard, Sligo",OTHER,ARCHIVED,2025-11-23 09:35:18
32832,Sophia Davis,"68 Sunset Boulevard, Limerick",INSOLVENCY,INSP,2025-11-23 12:14:14
17346,Daniel Wilson,"37 Riverside Drive, Limerick",COLLECTIONS,CANCEL4,2025-11-23 12:22:31
65773,James Miller,"140 Riverside Drive, Kilkenny",OTHER,ARCHIVED,2025-11-23 14:53:44
21453,John Garcia,"90 Sunset Boulevard, Waterford",LEGAL,LEG VERIF 2,2025-11-23 18:14:03
63285,Sarah Williams,"159 Oak Street, Cork",OTHER,ARCHIVED,2025-11-23 20:52:44
27223,Sophia Rodriguez,"165 Cedar Lane, Kilkenny",PAYING,PAY PROP,2025-11-23 21:54:53
53016,Laura Johnson,"197 Oak Street, Belfast",PAYING,PAY CURR,2025-11-23 22:23:51
63538,Alex Brown,"134 Hillcrest Road, Cork",SETTLED,SETTLED,2025-11-23 22:52:01
29593,Laura Jones,"9 Cedar Lane, Dublin",INSOLVENCY,INSP,2025-11-23 23:36:45
94638,David Wilson,"139 Cedar Lane, Cork",COLLECTIONS,PRIME,2025-11-24 02:04:46
95232,John Rodriguez,"124 Sunset Boulevard, Limerick",LEGAL,LEG VERIF 2,2025-11-24 10:58:36
34002,James Johnson,"200 Oak Street, Waterford",COLLECTIONS,CANCEL4,2025-11-24 13:04:40
53131,Emma Garcia,"41 Elm Street, Sligo",PAYING,PAY PROP,2025-11-24 17:07:49
30746,Alex Miller,"32 Oak Street, Cork",INSOLVENCY,INS3,2025-11-24 19:38:15
15004,Sarah Martinez,"4 Hillcrest Road, Limerick",SETTLED,SETTLED,2025-11-26 01:31:07
83776,Maria Smith,"105 Pine Road, Kilkenny",OTHER,ARCHIVED,2025-11-26 03:14:05
79212,Sophia Rodriguez,"177 Oak Street, Belfast",SETTLED,SETTLED,2025-11-26 04:08:31
33057,Olivia Jones,"21 Hillcrest Road, Cork",PAYING,PAY PROP,2025-11-26 05:38:25
85241,Emma Brown,"57 Maple Avenue, Kilkenny",OTHER,ARCHIVED,2025-11-26 06:06:21
53131,Emma Garcia,"41 Elm Street, Sligo",INSOLVENCY,INS1,2025-11-26 07:29:36
29210,David Brown,"69 Oak Street, Kilkenny",TRACE,GONEAWAY,2025-11-26 08:30:49
82269,Maria Martinez,"175 Oak Street, Galway",LEGAL,LEG VERIF 2,2025-11-26 09:31:40
21415,David Jones,"172 Maple Avenue, Kilkenny",COLLECTIONS,CASSIST2,2025-11-26 09:39:41
92829,Michael Jones,"2 Sunset Boulevard, Kilkenny",OTHER,ARCHIVED,2025-11-26 10:08:13
11449,Daniel Miller,"6 Hillcrest Road, Waterford",OTHER,ARCHIVED,2025-11-26 11:19:23
52436,Michael Rodriguez,"82 Elm Street, Waterford",TRACE,GONEAWAY,2025-11-26 12:31:36
54765,Daniel Johnson,"88 Maple Avenue, Galway",INSOLVENCY,INSP,2025-11-26 13:13:37
64713,John Johnson,"87 Oak Street, Belfast",COLLECTIONS,CANCEL4,2025-11-26 13:36:37
19413,Sophia Jones,"52 Sunset Boulevard, Limerick",PAYING,PAY CURR,2025-11-26 19:05:06
30496,John Wilson,"28 Riverside Drive, Galway",OTHER,ARCHIVED,2025-11-26 20:52:22
86086,Laura Garcia,"68 Pine Road, Sligo",SETTLED,SETTLED,2025-11-26 22:53:31
73332,Laura Miller,"138 Elm Street, Galway",OTHER,ARCHIVED,2025-11-26 23:42:04
